"DateTime","Players","Players Trend","Twitch Viewers","Flags"
"2016-05-11 00:00:00",32,,,
"2016-05-12 00:00:00",29,,,
"2016-05-13 00:00:00",27,,,
"2016-05-14 00:00:00",24,,,
"2016-05-15 00:00:00",8,,,
"2016-05-16 00:00:00",33,,,
"2016-05-17 00:00:00",34,,,
"2016-05-18 00:00:00",30,,,
"2016-05-19 00:00:00",29,,,
"2016-05-20 00:00:00",25,,,
"2016-05-21 00:00:00",15,,,
"2016-05-22 00:00:00",6,,1,
"2016-05-23 00:00:00",32,,1,
"2016-05-24 00:00:00",27,,0,
"2016-05-25 00:00:00",30,,0,
"2016-05-26 00:00:00",24,,0,
"2016-05-27 00:00:00",39,,0,
"2016-05-28 00:00:00",21,,0,
"2016-05-29 00:00:00",10,,0,
"2016-05-30 00:00:00",10,,0,
"2016-05-31 00:00:00",29,,0,
"2016-06-01 00:00:00",29,,0,
"2016-06-02 00:00:00",34,,0,
"2016-06-03 00:00:00",35,,0,
"2016-06-04 00:00:00",26,,0,
"2016-06-05 00:00:00",6,,0,
"2016-06-06 00:00:00",24,,0,
"2016-06-07 00:00:00",31,,0,
"2016-06-08 00:00:00",27,,0,
"2016-06-09 00:00:00",28,,0,
"2016-06-10 00:00:00",27,,0,
"2016-06-11 00:00:00",24,,0,
"2016-06-12 00:00:00",15,,0,
"2016-06-13 00:00:00",30,,0,
"2016-06-14 00:00:00",31,,0,
"2016-06-15 00:00:00",30,,0,
"2016-06-16 00:00:00",34,,0,
"2016-06-17 00:00:00",37,,0,
"2016-06-18 00:00:00",27,,0,
"2016-06-19 00:00:00",20,,0,
"2016-06-20 00:00:00",33,,0,
"2016-06-21 00:00:00",30,,0,
"2016-06-22 00:00:00",45,,0,
"2016-06-23 00:00:00",46,,1004,
"2016-06-24 00:00:00",51,,0,
"2016-06-25 00:00:00",53,,0,
"2016-06-26 00:00:00",16,,0,
"2016-06-27 00:00:00",49,,0,
"2016-06-28 00:00:00",44,,0,
"2016-06-29 00:00:00",41,,0,
"2016-06-30 00:00:00",38,,0,
"2016-07-01 00:00:00",33,,0,
"2016-07-02 00:00:00",24,,0,
"2016-07-03 00:00:00",5,,0,
"2016-07-04 00:00:00",6,,0,
"2016-07-05 00:00:00",33,,0,
"2016-07-06 00:00:00",45,,0,
"2016-07-07 00:00:00",45,,0,
"2016-07-08 00:00:00",58,,0,
"2016-07-09 00:00:00",39,,0,
"2016-07-10 00:00:00",30,,0,
"2016-07-11 00:00:00",45,,0,
"2016-07-12 00:00:00",42,,0,
"2016-07-13 00:00:00",43,,0,
"2016-07-14 00:00:00",49,,0,
"2016-07-15 00:00:00",46,,0,
"2016-07-16 00:00:00",35,,0,
"2016-07-17 00:00:00",20,,0,
"2016-07-18 00:00:00",36,,0,
"2016-07-19 00:00:00",43,,0,
"2016-07-20 00:00:00",40,,0,
"2016-07-21 00:00:00",46,,0,
"2016-07-22 00:00:00",47,,0,
"2016-07-23 00:00:00",43,,0,
"2016-07-24 00:00:00",23,,0,
"2016-07-25 00:00:00",49,,0,
"2016-07-26 00:00:00",50,,0,
"2016-07-27 00:00:00",46,,0,
"2016-07-28 00:00:00",41,,0,
"2016-07-29 00:00:00",40,,0,
"2016-07-30 00:00:00",32,,0,
"2016-07-31 00:00:00",17,,1,
"2016-08-01 00:00:00",31,,0,
"2016-08-02 00:00:00",41,,0,
"2016-08-03 00:00:00",38,,3305,
"2016-08-04 00:00:00",45,,0,
"2016-08-05 00:00:00",45,,473,
"2016-08-06 00:00:00",41,,0,
"2016-08-07 00:00:00",26,,0,
"2016-08-08 00:00:00",39,,0,
"2016-08-09 00:00:00",43,,0,
"2016-08-10 00:00:00",45,,0,
"2016-08-11 00:00:00",45,,0,
"2016-08-12 00:00:00",39,,0,
"2016-08-13 00:00:00",29,,0,
"2016-08-14 00:00:00",28,,0,
"2016-08-15 00:00:00",43,,0,
"2016-08-16 00:00:00",47,,0,
"2016-08-17 00:00:00",44,,0,
"2016-08-18 00:00:00",52,,1703,
"2016-08-19 00:00:00",54,,0,
"2016-08-20 00:00:00",37,,0,
"2016-08-21 00:00:00",26,,0,
"2016-08-22 00:00:00",43,,0,
"2016-08-23 00:00:00",43,,0,
"2016-08-24 00:00:00",43,,0,
"2016-08-25 00:00:00",51,,0,
"2016-08-26 00:00:00",57,,0,
"2016-08-27 00:00:00",46,,0,
"2016-08-28 00:00:00",28,,0,
"2016-08-29 00:00:00",53,,0,
"2016-08-30 00:00:00",50,,0,
"2016-08-31 00:00:00",51,,0,
"2016-09-01 00:00:00",46,,0,
"2016-09-02 00:00:00",46,,0,
"2016-09-03 00:00:00",42,,0,
"2016-09-04 00:00:00",26,,0,
"2016-09-05 00:00:00",19,,0,
"2016-09-06 00:00:00",54,,2,
"2016-09-07 00:00:00",50,,2726,
"2016-09-08 00:00:00",48,,0,
"2016-09-09 00:00:00",46,,0,
"2016-09-10 00:00:00",41,,2,
"2016-09-11 00:00:00",17,,1,
"2016-09-12 00:00:00",47,,0,
"2016-09-13 00:00:00",49,,0,
"2016-09-14 00:00:00",49,,0,
"2016-09-15 00:00:00",52,,0,
"2016-09-16 00:00:00",47,,0,
"2016-09-17 00:00:00",40,,0,
"2016-09-18 00:00:00",19,,0,
"2016-09-19 00:00:00",55,,0,
"2016-09-20 00:00:00",50,,0,
"2016-09-21 00:00:00",50,,0,
"2016-09-22 00:00:00",56,,3606,
"2016-09-23 00:00:00",48,,0,
"2016-09-24 00:00:00",35,,0,
"2016-09-25 00:00:00",27,,0,
"2016-09-26 00:00:00",46,,0,
"2016-09-27 00:00:00",49,,0,
"2016-09-28 00:00:00",50,,0,
"2016-09-29 00:00:00",56,,26719,
"2016-09-30 00:00:00",56,,5463,
"2016-10-01 00:00:00",40,,5753,
"2016-10-02 00:00:00",9,,3030,
"2016-10-03 00:00:00",54,,17348,
"2016-10-04 00:00:00",53,,12093,
"2016-10-05 00:00:00",47,,3931,
"2016-10-06 00:00:00",43,,3004,
"2016-10-07 00:00:00",48,,2619,
"2016-10-08 00:00:00",41,,3276,
"2016-10-09 00:00:00",18,,1877,
"2016-10-10 00:00:00",22,,3373,
"2016-10-11 00:00:00",45,,5669,
"2016-10-12 00:00:00",54,,18603,
"2016-10-13 00:00:00",49,,18644,
"2016-10-14 00:00:00",56,,2081,
"2016-10-15 00:00:00",52,,1333,
"2016-10-16 00:00:00",20,,15659,
"2016-10-17 00:00:00",53,,4574,
"2016-10-18 00:00:00",55,,5537,
"2016-10-19 00:00:00",61,,29292,
"2016-10-20 00:00:00",20296,,29490,
"2016-10-21 00:00:00",142779,,47793,
"2016-10-22 00:00:00",162475,,35117,
"2016-10-23 00:00:00",155999,,38938,
"2016-10-24 00:00:00",132443,,14812,
"2016-10-25 00:00:00",98613,,14400,
"2016-10-26 00:00:00",90866,,16430,
"2016-10-27 00:00:00",86922,,16532,
"2016-10-28 00:00:00",89317,,10868,
"2016-10-29 00:00:00",110001,,10065,
"2016-10-30 00:00:00",107894,,6164,
"2016-10-31 00:00:00",90814,,5910,
"2016-11-01 00:00:00",70991,,5075,
"2016-11-02 00:00:00",66393,,5996,
"2016-11-03 00:00:00",64260,,4495,
"2016-11-04 00:00:00",67114,,4913,
"2016-11-05 00:00:00",84894,,10426,
"2016-11-06 00:00:00",76399,,7222,
"2016-11-07 00:00:00",57247,,8599,
"2016-11-08 00:00:00",51352,,4244,
"2016-11-09 00:00:00",46504,,4715,
"2016-11-10 00:00:00",46358,,13856,
"2016-11-11 00:00:00",55426,,4597,
"2016-11-12 00:00:00",66584,,3431,
"2016-11-13 00:00:00",65277,,6207,
"2016-11-14 00:00:00",54211,,4147,
"2016-11-15 00:00:00",40502,,2078,
"2016-11-16 00:00:00",39049,,2408,
"2016-11-17 00:00:00",38297,,9847,
"2016-11-18 00:00:00",44320,,3521,
"2016-11-19 00:00:00",58464,,1998,
"2016-11-20 00:00:00",58821,,2546,
"2016-11-21 00:00:00",48798,,2425,
"2016-11-22 00:00:00",38262,,3982,
"2016-11-23 00:00:00",39378,,3785,
"2016-11-24 00:00:00",40424,,1998,
"2016-11-25 00:00:00",45861,,27866,
"2016-11-26 00:00:00",49263,,19792,
"2016-11-27 00:00:00",49357,,2999,
"2016-11-28 00:00:00",41415,,5321,
"2016-11-29 00:00:00",31439,,4291,
"2016-11-30 00:00:00",29568,,3325,
"2016-12-01 00:00:00",28227,,4301,
"2016-12-02 00:00:00",31628,,2250,
"2016-12-03 00:00:00",41928,,2613,
"2016-12-04 00:00:00",41963,,1340,
"2016-12-05 00:00:00",35029,,29502,
"2016-12-06 00:00:00",27025,,20017,
"2016-12-07 00:00:00",26027,,1902,
"2016-12-08 00:00:00",26068,,6758,
"2016-12-09 00:00:00",28871,,351,
"2016-12-10 00:00:00",37928,,915,
"2016-12-11 00:00:00",38190,,9475,
"2016-12-12 00:00:00",32019,,475,
"2016-12-13 00:00:00",24673,,860,
"2016-12-14 00:00:00",23394,,2066,
"2016-12-15 00:00:00",23537,,265,
"2016-12-16 00:00:00",25939,,234,
"2016-12-17 00:00:00",34181,,1149,
"2016-12-18 00:00:00",35334,,1104,
"2016-12-19 00:00:00",30190,,423,
"2016-12-20 00:00:00",25429,,1241,
"2016-12-21 00:00:00",29292,,2081,
"2016-12-22 00:00:00",30863,,1486,
"2016-12-23 00:00:00",30700,,4980,
"2016-12-24 00:00:00",32021,,8830,
"2016-12-25 00:00:00",39084,,6284,
"2016-12-26 00:00:00",44651,,6537,
"2016-12-27 00:00:00",41510,,5554,
"2016-12-28 00:00:00",39800,,585,
"2016-12-29 00:00:00",39844,,754,
"2016-12-30 00:00:00",40242,,920,
"2016-12-31 00:00:00",37963,,1345,
"2017-01-01 00:00:00",44405,,857,
"2017-01-02 00:00:00",43549,,447,
"2017-01-03 00:00:00",38659,,643,
"2017-01-04 00:00:00",30732,,349,
"2017-01-05 00:00:00",30184,,458,
"2017-01-06 00:00:00",29434,,180,
"2017-01-07 00:00:00",42442,,871,
"2017-01-08 00:00:00",40899,,280,
"2017-01-09 00:00:00",26751,,250,
"2017-01-10 00:00:00",26051,,360,
"2017-01-11 00:00:00",24479,,222,
"2017-01-12 00:00:00",24956,,9336,
"2017-01-13 00:00:00",28220,,389,
"2017-01-14 00:00:00",36526,,1455,
"2017-01-15 00:00:00",37946,,2091,
"2017-01-16 00:00:00",30609,,150,
"2017-01-17 00:00:00",25684,,373,
"2017-01-18 00:00:00",23255,,2366,
"2017-01-19 00:00:00",22439,,171,
"2017-01-20 00:00:00",26085,,238,
"2017-01-21 00:00:00",34018,,1191,
"2017-01-22 00:00:00",35358,,184,
"2017-01-23 00:00:00",29241,,316,
"2017-01-24 00:00:00",22409,,293,
"2017-01-25 00:00:00",21263,,1766,
"2017-01-26 00:00:00",21717,,654,
"2017-01-27 00:00:00",23951,,408,
"2017-01-28 00:00:00",32231,,499,
"2017-01-29 00:00:00",33313,,248,
"2017-01-30 00:00:00",27598,,218,
"2017-01-31 00:00:00",20806,,1684,
"2017-02-01 00:00:00",20248,,1743,
"2017-02-02 00:00:00",20018,,1664,
"2017-02-03 00:00:00",22967,,1876,
"2017-02-04 00:00:00",30892,,1127,
"2017-02-05 00:00:00",31905,,243,
"2017-02-06 00:00:00",25126,,135,
"2017-02-07 00:00:00",19749,,246,
"2017-02-08 00:00:00",19404,,1446,
"2017-02-09 00:00:00",20655,,153,
"2017-02-10 00:00:00",22607,,334,
"2017-02-11 00:00:00",30716,,308,
"2017-02-12 00:00:00",32709,,535,
"2017-02-13 00:00:00",24871,,127,
"2017-02-14 00:00:00",18862,,130,
"2017-02-15 00:00:00",19236,,1537,
"2017-02-16 00:00:00",19139,,383,
"2017-02-17 00:00:00",22027,,798,
"2017-02-18 00:00:00",28465,,264,
"2017-02-19 00:00:00",29353,,391,
"2017-02-20 00:00:00",23537,,139,
"2017-02-21 00:00:00",20679,,822,
"2017-02-22 00:00:00",19362,,2191,
"2017-02-23 00:00:00",19281,,168,
"2017-02-24 00:00:00",24759,,144,
"2017-02-25 00:00:00",33691,,340,
"2017-02-26 00:00:00",35009,,246,
"2017-02-27 00:00:00",26949,,301,
"2017-02-28 00:00:00",22034,,347,
"2017-03-01 00:00:00",20766,,1144,
"2017-03-02 00:00:00",20562,,191,
"2017-03-03 00:00:00",23273,,106,
"2017-03-04 00:00:00",30758,,239,
"2017-03-05 00:00:00",31940,,235,
"2017-03-06 00:00:00",26306,,222,
"2017-03-07 00:00:00",19866,,74,
"2017-03-08 00:00:00",18799,,1120,
"2017-03-09 00:00:00",18960,,271,
"2017-03-10 00:00:00",21646,,142,
"2017-03-11 00:00:00",29089,,466,
"2017-03-12 00:00:00",30533,,3315,
"2017-03-13 00:00:00",25065,,1794,
"2017-03-14 00:00:00",22588,,110,
"2017-03-15 00:00:00",19897,,1176,
"2017-03-16 00:00:00",19023,,219,
"2017-03-17 00:00:00",21968,,409,
"2017-03-18 00:00:00",29390,,289,
"2017-03-19 00:00:00",30962,,178,
"2017-03-20 00:00:00",23192,,4631,
"2017-03-21 00:00:00",17586,,268,
"2017-03-22 00:00:00",11027,,146,
"2017-03-23 00:00:00",19576,,852,
"2017-03-24 00:00:00",21584,,113,
"2017-03-25 00:00:00",27887,,583,
"2017-03-26 00:00:00",29012,,683,
"2017-03-27 00:00:00",22369,,888,
"2017-03-28 00:00:00",19722,,192,
"2017-03-29 00:00:00",20242,,1853,
"2017-03-30 00:00:00",19635,,172,
"2017-03-31 00:00:00",21956,,510,
"2017-04-01 00:00:00",28396,,185,
"2017-04-02 00:00:00",29636,,418,
"2017-04-03 00:00:00",22222,,110,
"2017-04-04 00:00:00",18640,,183,
"2017-04-05 00:00:00",18739,,1609,
"2017-04-06 00:00:00",18143,,199,
"2017-04-07 00:00:00",20034,,1125,
"2017-04-08 00:00:00",25684,,1405,
"2017-04-09 00:00:00",25853,,186,
"2017-04-10 00:00:00",22155,,97,
"2017-04-11 00:00:00",17802,,86,
"2017-04-12 00:00:00",17215,,1335,
"2017-04-13 00:00:00",18289,,112,
"2017-04-14 00:00:00",22122,,76,
"2017-04-15 00:00:00",24971,,80,
"2017-04-16 00:00:00",25546,,159,
"2017-04-17 00:00:00",21893,,225,
"2017-04-18 00:00:00",18066,,110,
"2017-04-19 00:00:00",17550,,1402,
"2017-04-20 00:00:00",17858,,273,
"2017-04-21 00:00:00",19845,,231,
"2017-04-22 00:00:00",25887,,171,
"2017-04-23 00:00:00",26210,,84,
"2017-04-24 00:00:00",21758,,106,
"2017-04-25 00:00:00",17700,,86,
"2017-04-26 00:00:00",16146,,1273,
"2017-04-27 00:00:00",16853,,71,
"2017-04-28 00:00:00",18652,,152,
"2017-04-29 00:00:00",23709,,568,
"2017-04-30 00:00:00",25823,,325,
"2017-05-01 00:00:00",21798,,64,
"2017-05-02 00:00:00",17376,,220,
"2017-05-03 00:00:00",16792,,1406,
"2017-05-04 00:00:00",17332,,503,
"2017-05-05 00:00:00",19724,,398,
"2017-05-06 00:00:00",26314,,1003,
"2017-05-07 00:00:00",27891,,1030,
"2017-05-08 00:00:00",24603,,2879,
"2017-05-09 00:00:00",19212,,3561,
"2017-05-10 00:00:00",18170,,88,
"2017-05-11 00:00:00",18767,,141,
"2017-05-12 00:00:00",20426,,1890,
"2017-05-13 00:00:00",25857,,3713,
"2017-05-14 00:00:00",25613,,4527,
"2017-05-15 00:00:00",22146,,736,
"2017-05-16 00:00:00",17775,,691,
"2017-05-17 00:00:00",16952,,366,
"2017-05-18 00:00:00",17031,,1165,
"2017-05-19 00:00:00",18675,,220,
"2017-05-20 00:00:00",23937,,1151,
"2017-05-21 00:00:00",24654,,222,
"2017-05-22 00:00:00",21380,,351,
"2017-05-23 00:00:00",16847,,342,
"2017-05-24 00:00:00",16677,,1176,
"2017-05-25 00:00:00",17327,,119,
"2017-05-26 00:00:00",17960,,92,
"2017-05-27 00:00:00",21290,,141,
"2017-05-28 00:00:00",23146,,50,
"2017-05-29 00:00:00",22957,,84,
"2017-05-30 00:00:00",20537,,204,
"2017-05-31 00:00:00",16115,,1020,
"2017-06-01 00:00:00",15847,,120,
"2017-06-02 00:00:00",17018,,99,
"2017-06-03 00:00:00",21610,,207,
"2017-06-04 00:00:00",24551,,866,
"2017-06-05 00:00:00",22795,,52,
"2017-06-06 00:00:00",17187,,866,
"2017-06-07 00:00:00",16609,,1609,
"2017-06-08 00:00:00",16204,,832,
"2017-06-09 00:00:00",17169,,175,
"2017-06-10 00:00:00",21234,,194,
"2017-06-11 00:00:00",22612,,461,
"2017-06-12 00:00:00",19871,,95,
"2017-06-13 00:00:00",16205,,782,
"2017-06-14 00:00:00",15674,,2172,
"2017-06-15 00:00:00",16239,,826,
"2017-06-16 00:00:00",17079,,86,
"2017-06-17 00:00:00",20863,,136,
"2017-06-18 00:00:00",21579,,54,
"2017-06-19 00:00:00",19219,,2321,
"2017-06-20 00:00:00",15713,,177,
"2017-06-21 00:00:00",15187,,1588,
"2017-06-22 00:00:00",15327,,115,
"2017-06-23 00:00:00",18046,,283,
"2017-06-24 00:00:00",23637,,176,
"2017-06-25 00:00:00",26147,,84,
"2017-06-26 00:00:00",23268,,516,
"2017-06-27 00:00:00",19421,,498,
"2017-06-28 00:00:00",18965,,1199,
"2017-06-29 00:00:00",18495,,63,
"2017-06-30 00:00:00",19977,,1812,
"2017-07-01 00:00:00",24852,,226,
"2017-07-02 00:00:00",26423,,562,
"2017-07-03 00:00:00",23462,,82,
"2017-07-04 00:00:00",25248,,447,
"2017-07-05 00:00:00",22569,,1881,
"2017-07-06 00:00:00",19302,,324,
"2017-07-07 00:00:00",19795,,905,
"2017-07-08 00:00:00",24166,,606,
"2017-07-09 00:00:00",25589,,1347,
"2017-07-10 00:00:00",23153,,2703,
"2017-07-11 00:00:00",18552,,97,
"2017-07-12 00:00:00",18408,,1207,
"2017-07-13 00:00:00",17877,,229,
"2017-07-14 00:00:00",18833,,255,
"2017-07-15 00:00:00",22442,,138,
"2017-07-16 00:00:00",24594,,510,
"2017-07-17 00:00:00",21863,,348,
"2017-07-18 00:00:00",17841,,360,
"2017-07-19 00:00:00",17710,,1233,
"2017-07-20 00:00:00",17202,,791,
"2017-07-21 00:00:00",17597,,301,
"2017-07-22 00:00:00",22253,,174,
"2017-07-23 00:00:00",24316,,113,
"2017-07-24 00:00:00",17819,,932,
"2017-07-25 00:00:00",17842,,276,
"2017-07-26 00:00:00",17483,,1060,
"2017-07-27 00:00:00",18702,,156,
"2017-07-28 00:00:00",22015,,162,
"2017-07-29 00:00:00",27863,,387,
"2017-07-30 00:00:00",30171,,288,
"2017-07-31 00:00:00",22244,,615,
"2017-08-01 00:00:00",21274,,366,
"2017-08-02 00:00:00",20836,,94,
"2017-08-03 00:00:00",20438,,75,
"2017-08-04 00:00:00",21004,,107,
"2017-08-05 00:00:00",25674,,265,
"2017-08-06 00:00:00",27156,,156,
"2017-08-07 00:00:00",20338,,2784,
"2017-08-08 00:00:00",19152,,118,
"2017-08-09 00:00:00",18857,,362,
"2017-08-10 00:00:00",18540,,98,
"2017-08-11 00:00:00",19207,,105,
"2017-08-12 00:00:00",24243,,523,
"2017-08-13 00:00:00",25688,,503,
"2017-08-14 00:00:00",19354,,802,
"2017-08-15 00:00:00",18834,,78,
"2017-08-16 00:00:00",17890,,316,
"2017-08-17 00:00:00",17614,,110,
"2017-08-18 00:00:00",18558,,445,
"2017-08-19 00:00:00",23281,,414,
"2017-08-20 00:00:00",24771,,370,
"2017-08-21 00:00:00",17985,,646,
"2017-08-22 00:00:00",17514,,246,
"2017-08-23 00:00:00",16953,,59,
"2017-08-24 00:00:00",16956,,157,
"2017-08-25 00:00:00",17901,,197,
"2017-08-26 00:00:00",22624,,81,
"2017-08-27 00:00:00",24027,,82,
"2017-08-28 00:00:00",17590,,596,
"2017-08-29 00:00:00",16392,,156,
"2017-08-30 00:00:00",16512,,804,
"2017-08-31 00:00:00",16302,,129,
"2017-09-01 00:00:00",18055,,326,
"2017-09-02 00:00:00",23037,,1009,
"2017-09-03 00:00:00",25139,,110,
"2017-09-04 00:00:00",23955,,899,
"2017-09-05 00:00:00",18032,,80,
"2017-09-06 00:00:00",16340,,605,
"2017-09-07 00:00:00",16278,,102,
"2017-09-08 00:00:00",17567,,960,
"2017-09-09 00:00:00",22993,,2104,
"2017-09-10 00:00:00",24143,,17566,
"2017-09-11 00:00:00",17029,,1120,
"2017-09-12 00:00:00",15639,,1244,
"2017-09-13 00:00:00",15502,,319,
"2017-09-14 00:00:00",15504,,1124,
"2017-09-15 00:00:00",17186,,381,
"2017-09-16 00:00:00",22223,,1134,
"2017-09-17 00:00:00",23449,,248,
"2017-09-18 00:00:00",16454,,885,
"2017-09-19 00:00:00",15925,,167,
"2017-09-20 00:00:00",15374,,2190,
"2017-09-21 00:00:00",15570,,106,
"2017-09-22 00:00:00",17085,,3319,
"2017-09-23 00:00:00",21509,,3375,
"2017-09-24 00:00:00",22565,,153,
"2017-09-25 00:00:00",16128,,3300,
"2017-09-26 00:00:00",15253,,3139,
"2017-09-27 00:00:00",14765,,1434,
"2017-09-28 00:00:00",14842,,86,
"2017-09-29 00:00:00",16341,,361,
"2017-09-30 00:00:00",21333,,856,
"2017-10-01 00:00:00",23051,,1172,
"2017-10-02 00:00:00",16346,,1491,
"2017-10-03 00:00:00",15806,,150,
"2017-10-04 00:00:00",15072,,1138,
"2017-10-05 00:00:00",15026,,193,
"2017-10-06 00:00:00",16850,,232,
"2017-10-07 00:00:00",21588,,763,
"2017-10-08 00:00:00",23097,,970,
"2017-10-09 00:00:00",17810,,1303,
"2017-10-10 00:00:00",14609,,1098,
"2017-10-11 00:00:00",15026,,1170,
"2017-10-12 00:00:00",15074,,562,
"2017-10-13 00:00:00",16620,,332,
"2017-10-14 00:00:00",21269,,239,
"2017-10-15 00:00:00",22132,,312,
"2017-10-16 00:00:00",15774,,90,
"2017-10-17 00:00:00",15253,,1220,
"2017-10-18 00:00:00",14945,,1193,
"2017-10-19 00:00:00",16504,,184,
"2017-10-20 00:00:00",21870,,204,
"2017-10-21 00:00:00",28976,,734,
"2017-10-22 00:00:00",30315,,572,
"2017-10-23 00:00:00",22090,,313,
"2017-10-24 00:00:00",20817,,265,
"2017-10-25 00:00:00",20291,,941,
"2017-10-26 00:00:00",20053,,137,
"2017-10-27 00:00:00",21266,,1167,
"2017-10-28 00:00:00",27220,,821,
"2017-10-29 00:00:00",29302,,573,
"2017-10-30 00:00:00",21443,,146,
"2017-10-31 00:00:00",19470,,227,
"2017-11-01 00:00:00",19798,,181,
"2017-11-02 00:00:00",19156,,214,
"2017-11-03 00:00:00",20548,,93,
"2017-11-04 00:00:00",26322,,222,
"2017-11-05 00:00:00",27258,,311,
"2017-11-06 00:00:00",19930,,219,
"2017-11-07 00:00:00",17745,,199,
"2017-11-08 00:00:00",17145,,1845,
"2017-11-09 00:00:00",17173,,501,
"2017-11-10 00:00:00",20464,,275,
"2017-11-11 00:00:00",26080,,362,
"2017-11-12 00:00:00",27157,,233,
"2017-11-13 00:00:00",19949,,970,
"2017-11-14 00:00:00",17050,,378,
"2017-11-15 00:00:00",17275,,2073,
"2017-11-16 00:00:00",17241,,961,
"2017-11-17 00:00:00",18641,,201,
"2017-11-18 00:00:00",24844,,5531,
"2017-11-19 00:00:00",25792,,174,
"2017-11-20 00:00:00",19044,,308,
"2017-11-21 00:00:00",18401,,182,
"2017-11-22 00:00:00",19330,,1571,
"2017-11-23 00:00:00",21158,,863,
"2017-11-24 00:00:00",24877,,298,
"2017-11-25 00:00:00",28372,,967,
"2017-11-26 00:00:00",29076,,250,
"2017-11-27 00:00:00",22123,,592,
"2017-11-28 00:00:00",21518,,541,
"2017-11-29 00:00:00",21892,,1946,
"2017-11-30 00:00:00",22741,,527,
"2017-12-01 00:00:00",25379,,370,
"2017-12-02 00:00:00",32527,,796,
"2017-12-03 00:00:00",33049,,4492,
"2017-12-04 00:00:00",25064,,4563,
"2017-12-05 00:00:00",21819,,3204,
"2017-12-06 00:00:00",21308,,1782,
"2017-12-07 00:00:00",20684,,321,
"2017-12-08 00:00:00",23164,,422,
"2017-12-09 00:00:00",29826,,331,
"2017-12-10 00:00:00",29813,,3068,
"2017-12-11 00:00:00",22524,,1190,
"2017-12-12 00:00:00",19884,,251,
"2017-12-13 00:00:00",19413,,1263,
"2017-12-14 00:00:00",19390,,822,
"2017-12-15 00:00:00",21129,,2727,
"2017-12-16 00:00:00",27487,,2406,
"2017-12-17 00:00:00",28735,,639,
"2017-12-18 00:00:00",21779,,256,
"2017-12-19 00:00:00",20880,,1677,
"2017-12-20 00:00:00",21058,,1092,
"2017-12-21 00:00:00",21675,,394,
"2017-12-22 00:00:00",25143,,701,
"2017-12-23 00:00:00",29432,,817,
"2017-12-24 00:00:00",25520,,243,
"2017-12-25 00:00:00",29196,,259,
"2017-12-26 00:00:00",30944,,199,
"2017-12-27 00:00:00",30673,,297,
"2017-12-28 00:00:00",30969,,223,
"2017-12-29 00:00:00",31465,,327,
"2017-12-30 00:00:00",35137,,360,
"2017-12-31 00:00:00",31471,,267,
"2018-01-01 00:00:00",36452,,647,
"2018-01-02 00:00:00",30313,,233,
"2018-01-03 00:00:00",27580,,2103,
"2018-01-04 00:00:00",28639,,2002,
"2018-01-05 00:00:00",30703,,423,
"2018-01-06 00:00:00",42249,,431,
"2018-01-07 00:00:00",42913,,294,
"2018-01-08 00:00:00",33400,,4896,
"2018-01-09 00:00:00",28787,,1620,
"2018-01-10 00:00:00",27975,,3312,
"2018-01-11 00:00:00",27852,,883,
"2018-01-12 00:00:00",32576,,664,
"2018-01-13 00:00:00",41842,,1512,
"2018-01-14 00:00:00",42196,,837,
"2018-01-15 00:00:00",34079,,636,
"2018-01-16 00:00:00",29246,,559,
"2018-01-17 00:00:00",28831,,2805,
"2018-01-18 00:00:00",27437,,611,
"2018-01-19 00:00:00",30125,,902,
"2018-01-20 00:00:00",39862,,1236,
"2018-01-21 00:00:00",40552,,655,
"2018-01-22 00:00:00",30308,,3599,
"2018-01-23 00:00:00",27780,,2169,
"2018-01-24 00:00:00",26538,,3334,
"2018-01-25 00:00:00",27491,,2349,
"2018-01-26 00:00:00",30708,,1309,
"2018-01-27 00:00:00",41393,,889,
"2018-01-28 00:00:00",42814,,1285,
"2018-01-29 00:00:00",32233,,315,
"2018-01-30 00:00:00",28650,,597,
"2018-01-31 00:00:00",27739,,473,
"2018-02-01 00:00:00",28302,,250,
"2018-02-02 00:00:00",31951,,339,
"2018-02-03 00:00:00",41322,,420,
"2018-02-04 00:00:00",42406,,781,
"2018-02-05 00:00:00",28159,,717,
"2018-02-06 00:00:00",26269,,2193,
"2018-02-07 00:00:00",25886,,12443,
"2018-02-08 00:00:00",52478,,9627,
"2018-02-09 00:00:00",62816,,12141,
"2018-02-10 00:00:00",79434,,13686,
"2018-02-11 00:00:00",80213,,2972,
"2018-02-12 00:00:00",57468,,5410,
"2018-02-13 00:00:00",45302,,2476,
"2018-02-14 00:00:00",40779,,2938,
"2018-02-15 00:00:00",41831,,1972,
"2018-02-16 00:00:00",44941,,2030,
"2018-02-17 00:00:00",57387,,6024,
"2018-02-18 00:00:00",57971,,375,
"2018-02-19 00:00:00",47033,,597,
"2018-02-20 00:00:00",37469,,966,
"2018-02-21 00:00:00",36106,,2385,
"2018-02-22 00:00:00",34658,,543,
"2018-02-23 00:00:00",36351,,475,
"2018-02-24 00:00:00",46182,,263,
"2018-02-25 00:00:00",47095,,1582,
"2018-02-26 00:00:00",34408,,573,
"2018-02-27 00:00:00",30029,,590,
"2018-02-28 00:00:00",29545,,1858,
"2018-03-01 00:00:00",29152,,395,
"2018-03-02 00:00:00",32571,,8278,
"2018-03-03 00:00:00",40235,,3286,
"2018-03-04 00:00:00",40930,,507,
"2018-03-05 00:00:00",30071,,5475,
"2018-03-06 00:00:00",26273,,1332,
"2018-03-07 00:00:00",26801,,499,
"2018-03-08 00:00:00",26465,,305,
"2018-03-09 00:00:00",30501,,914,
"2018-03-10 00:00:00",40160,,127,
"2018-03-11 00:00:00",42950,,2519,
"2018-03-12 00:00:00",31706,,205,
"2018-03-13 00:00:00",29284,,2269,
"2018-03-14 00:00:00",27247,,201,
"2018-03-15 00:00:00",26447,,394,
"2018-03-16 00:00:00",30077,,431,
"2018-03-17 00:00:00",38293,,448,
"2018-03-18 00:00:00",39607,,139,
"2018-03-19 00:00:00",28902,,1995,
"2018-03-20 00:00:00",25931,,541,
"2018-03-21 00:00:00",26519,,168,
"2018-03-22 00:00:00",25131,,175,
"2018-03-23 00:00:00",26886,,343,
"2018-03-24 00:00:00",35133,,713,
"2018-03-25 00:00:00",36220,,849,
"2018-03-26 00:00:00",25285,,1560,
"2018-03-27 00:00:00",23524,,8898,
"2018-03-28 00:00:00",23665,,8782,
"2018-03-29 00:00:00",24285,,132,
"2018-03-30 00:00:00",28999,,1215,
"2018-03-31 00:00:00",31622,,1015,
"2018-04-01 00:00:00",32186,,76,
"2018-04-02 00:00:00",27159,,106,
"2018-04-03 00:00:00",22649,,1128,
"2018-04-04 00:00:00",22426,,153,
"2018-04-05 00:00:00",22447,,749,
"2018-04-06 00:00:00",24210,,83,
"2018-04-07 00:00:00",30934,,783,
"2018-04-08 00:00:00",31194,,109,
"2018-04-09 00:00:00",22085,,2602,
"2018-04-10 00:00:00",20343,,2034,
"2018-04-11 00:00:00",20269,,285,
"2018-04-12 00:00:00",20086,,537,
"2018-04-13 00:00:00",22640,,151,
"2018-04-14 00:00:00",29494,,532,
"2018-04-15 00:00:00",31781,,732,
"2018-04-16 00:00:00",22557,,1839,
"2018-04-17 00:00:00",20311,,126,
"2018-04-18 00:00:00",19567,,240,
"2018-04-19 00:00:00",19301,,129,
"2018-04-20 00:00:00",21097,,145,
"2018-04-21 00:00:00",27339,,108,
"2018-04-22 00:00:00",28613,,97,
"2018-04-23 00:00:00",20704,,1310,
"2018-04-24 00:00:00",19801,,130,
"2018-04-25 00:00:00",18996,,134,
"2018-04-26 00:00:00",19101,,421,
"2018-04-27 00:00:00",20625,,361,
"2018-04-28 00:00:00",26199,,110,
"2018-04-29 00:00:00",28673,,180,
"2018-04-30 00:00:00",21659,,1441,
"2018-05-01 00:00:00",22095,,1934,
"2018-05-02 00:00:00",19169,,2328,
"2018-05-03 00:00:00",18899,,1940,
"2018-05-04 00:00:00",20430,,282,
"2018-05-05 00:00:00",25007,,2357,
"2018-05-06 00:00:00",26643,,2761,
"2018-05-07 00:00:00",19740,,1972,
"2018-05-08 00:00:00",18582,,1847,
"2018-05-09 00:00:00",18536,,2720,
"2018-05-10 00:00:00",20146,,1775,
"2018-05-11 00:00:00",21737,,1642,
"2018-05-12 00:00:00",26753,,283,
"2018-05-13 00:00:00",27411,,61,
"2018-05-14 00:00:00",20033,,1849,
"2018-05-15 00:00:00",19533,,1398,
"2018-05-16 00:00:00",19690,,224,
"2018-05-17 00:00:00",20074,,161,
"2018-05-18 00:00:00",21878,,123,
"2018-05-19 00:00:00",28221,,1032,
"2018-05-20 00:00:00",30038,,253,
"2018-05-21 00:00:00",23634,,85,
"2018-05-22 00:00:00",21228,,80,
"2018-05-23 00:00:00",20597,,134,
"2018-05-24 00:00:00",20055,,67,
"2018-05-25 00:00:00",21925,,78,
"2018-05-26 00:00:00",25583,,288,
"2018-05-27 00:00:00",27585,,143,
"2018-05-28 00:00:00",25867,,123,
"2018-05-29 00:00:00",19918,,1401,
"2018-05-30 00:00:00",19455,,320,
"2018-05-31 00:00:00",19638,,161,
"2018-06-01 00:00:00",20470,,132,
"2018-06-02 00:00:00",25059,,120,
"2018-06-03 00:00:00",26710,,92,
"2018-06-04 00:00:00",19532,,184,
"2018-06-05 00:00:00",19045,,145,
"2018-06-06 00:00:00",18351,,1131,
"2018-06-07 00:00:00",18229,,228,
"2018-06-08 00:00:00",19509,,198,
"2018-06-09 00:00:00",24489,,480,
"2018-06-10 00:00:00",26443,,95,
"2018-06-11 00:00:00",19737,,137,
"2018-06-12 00:00:00",18841,,1557,
"2018-06-13 00:00:00",18347,,1184,
"2018-06-14 00:00:00",18079,,107,
"2018-06-15 00:00:00",18344,,86,
"2018-06-16 00:00:00",22948,,195,
"2018-06-17 00:00:00",24570,,20,
"2018-06-18 00:00:00",18359,,24,
"2018-06-19 00:00:00",18251,,375,
"2018-06-20 00:00:00",17687,,930,
"2018-06-21 00:00:00",17540,,58,
"2018-06-22 00:00:00",20508,,70,
"2018-06-23 00:00:00",26323,,69,
"2018-06-24 00:00:00",28289,,450,
"2018-06-25 00:00:00",21438,,57,
"2018-06-26 00:00:00",20455,,83,
"2018-06-27 00:00:00",19973,,801,
"2018-06-28 00:00:00",19546,,131,
"2018-06-29 00:00:00",21221,,162,
"2018-06-30 00:00:00",25950,,875,
"2018-07-01 00:00:00",27537,,168,
"2018-07-02 00:00:00",21619,,132,
"2018-07-03 00:00:00",20091,,213,
"2018-07-04 00:00:00",25611,,1174,
"2018-07-05 00:00:00",22238,,167,
"2018-07-06 00:00:00",21938,,145,
"2018-07-07 00:00:00",26153,,85,
"2018-07-08 00:00:00",28015,,118,
"2018-07-09 00:00:00",21519,,1879,
"2018-07-10 00:00:00",19169,,2368,
"2018-07-11 00:00:00",18696,,2292,
"2018-07-12 00:00:00",20097,,159,
"2018-07-13 00:00:00",21010,,141,
"2018-07-14 00:00:00",25674,,749,
"2018-07-15 00:00:00",27076,,82,
"2018-07-16 00:00:00",20808,,979,
"2018-07-17 00:00:00",19809,,125,
"2018-07-18 00:00:00",19837,,1878,
"2018-07-19 00:00:00",19331,,147,
"2018-07-20 00:00:00",20712,,195,
"2018-07-21 00:00:00",25820,,80,
"2018-07-22 00:00:00",28119,,1395,
"2018-07-23 00:00:00",20792,,149,
"2018-07-24 00:00:00",19820,,3296,
"2018-07-25 00:00:00",19007,,2180,
"2018-07-26 00:00:00",18963,,151,
"2018-07-27 00:00:00",19139,,5042,
"2018-07-28 00:00:00",24902,,216,
"2018-07-29 00:00:00",26878,,203,
"2018-07-30 00:00:00",20589,,5641,
"2018-07-31 00:00:00",19497,,186,
"2018-08-01 00:00:00",18904,,1819,
"2018-08-02 00:00:00",18576,,1367,
"2018-08-03 00:00:00",19439,,211,
"2018-08-04 00:00:00",23871,,91,
"2018-08-05 00:00:00",25750,,3149,
"2018-08-06 00:00:00",20581,,146,
"2018-08-07 00:00:00",19047,,403,
"2018-08-08 00:00:00",18953,,135,
"2018-08-09 00:00:00",18561,,114,
"2018-08-10 00:00:00",19731,,108,
"2018-08-11 00:00:00",24590,,76,
"2018-08-12 00:00:00",26027,,66,
"2018-08-13 00:00:00",20213,,66,
"2018-08-14 00:00:00",19553,,48,
"2018-08-15 00:00:00",19353,,76,
"2018-08-16 00:00:00",18858,,125,
"2018-08-17 00:00:00",20259,,103,
"2018-08-18 00:00:00",25376,,57,
"2018-08-19 00:00:00",27504,,126,
"2018-08-20 00:00:00",20434,,210,
"2018-08-21 00:00:00",19728,,120,
"2018-08-22 00:00:00",19009,,140,
"2018-08-23 00:00:00",18868,,235,
"2018-08-24 00:00:00",20505,,116,
"2018-08-25 00:00:00",25638,,90,
"2018-08-26 00:00:00",27746,,130,
"2018-08-27 00:00:00",20260,,148,
"2018-08-28 00:00:00",19322,,73,
"2018-08-29 00:00:00",18997,,130,
"2018-08-30 00:00:00",18721,,171,
"2018-08-31 00:00:00",20070,,269,
"2018-09-01 00:00:00",24801,,48,
"2018-09-02 00:00:00",26047,,62,
"2018-09-03 00:00:00",25854,,54,
"2018-09-04 00:00:00",19095,,99,
"2018-09-05 00:00:00",17909,,65,
"2018-09-06 00:00:00",16988,,65,
"2018-09-07 00:00:00",19360,,61,
"2018-09-08 00:00:00",24993,,191,
"2018-09-09 00:00:00",25993,,182,
"2018-09-10 00:00:00",18721,,199,
"2018-09-11 00:00:00",18209,,669,
"2018-09-12 00:00:00",17629,,95,
"2018-09-13 00:00:00",17671,,295,
"2018-09-14 00:00:00",19659,,546,
"2018-09-15 00:00:00",25479,,639,
"2018-09-16 00:00:00",26628,,281,
"2018-09-17 00:00:00",19087,,1532,
"2018-09-18 00:00:00",18014,,120,
"2018-09-19 00:00:00",17997,,922,
"2018-09-20 00:00:00",17849,,129,
"2018-09-21 00:00:00",20127,,79,
"2018-09-22 00:00:00",25943,,83,
"2018-09-23 00:00:00",28934,,65,
"2018-09-24 00:00:00",19611,,142,
"2018-09-25 00:00:00",19118,,233,
"2018-09-26 00:00:00",18160,,711,
"2018-09-27 00:00:00",18462,,248,
"2018-09-28 00:00:00",22832,,513,
"2018-09-29 00:00:00",31659,,155,
"2018-09-30 00:00:00",36423,,970,
"2018-10-01 00:00:00",26389,,3477,
"2018-10-02 00:00:00",24506,,166,
"2018-10-03 00:00:00",23827,,821,
"2018-10-04 00:00:00",22255,,199,
"2018-10-05 00:00:00",24075,,136,
"2018-10-06 00:00:00",30578,,124,
"2018-10-07 00:00:00",31198,,441,
"2018-10-08 00:00:00",24496,,152,
"2018-10-09 00:00:00",20854,,16801,
"2018-10-10 00:00:00",20228,,1031,
"2018-10-11 00:00:00",20248,,2174,
"2018-10-12 00:00:00",22441,,1589,
"2018-10-13 00:00:00",28519,,172,
"2018-10-14 00:00:00",29556,,177,
"2018-10-15 00:00:00",21234,,226,
"2018-10-16 00:00:00",19820,,14906,
"2018-10-17 00:00:00",19957,,201,
"2018-10-18 00:00:00",19798,,1714,
"2018-10-19 00:00:00",22016,,240,
"2018-10-20 00:00:00",28379,,229,
"2018-10-21 00:00:00",29084,,143,
"2018-10-22 00:00:00",20864,,146,
"2018-10-23 00:00:00",19685,,4508,
"2018-10-24 00:00:00",19469,,96,
"2018-10-25 00:00:00",19554,,252,
"2018-10-26 00:00:00",21539,,128,
"2018-10-27 00:00:00",27572,,90,
"2018-10-28 00:00:00",28150,,97,
"2018-10-29 00:00:00",20018,,133,
"2018-10-30 00:00:00",19245,,2731,
"2018-10-31 00:00:00",18925,,161,
"2018-11-01 00:00:00",20608,,183,
"2018-11-02 00:00:00",22030,,1036,
"2018-11-03 00:00:00",26986,,601,
"2018-11-04 00:00:00",27833,,1596,
"2018-11-05 00:00:00",20207,,1476,
"2018-11-06 00:00:00",18778,,2923,
"2018-11-07 00:00:00",19624,,907,
"2018-11-08 00:00:00",19765,,83,
"2018-11-09 00:00:00",23573,,289,
"2018-11-10 00:00:00",29899,,90,
"2018-11-11 00:00:00",30199,,10492,
"2018-11-12 00:00:00",23488,,143,
"2018-11-13 00:00:00",20354,,2675,
"2018-11-14 00:00:00",19311,,331,
"2018-11-15 00:00:00",19679,,576,
"2018-11-16 00:00:00",21534,,718,
"2018-11-17 00:00:00",27732,,845,
"2018-11-18 00:00:00",28447,,727,
"2018-11-19 00:00:00",20875,,3912,
"2018-11-20 00:00:00",21552,,2321,
"2018-11-21 00:00:00",28362,,1363,
"2018-11-22 00:00:00",30480,,2699,
"2018-11-23 00:00:00",36710,,598,
"2018-11-24 00:00:00",42472,,201,
"2018-11-25 00:00:00",44308,,1645,
"2018-11-26 00:00:00",32686,,2677,
"2018-11-27 00:00:00",31253,,257,
"2018-11-28 00:00:00",29669,,1813,
"2018-11-29 00:00:00",29517,,2243,
"2018-11-30 00:00:00",32475,,3278,
"2018-12-01 00:00:00",40942,,2907,
"2018-12-02 00:00:00",40442,,244,
"2018-12-03 00:00:00",29623,,184,
"2018-12-04 00:00:00",27435,,335,
"2018-12-05 00:00:00",27509,,248,
"2018-12-06 00:00:00",27315,,1944,
"2018-12-07 00:00:00",29600,,2352,
"2018-12-08 00:00:00",37656,,1750,
"2018-12-09 00:00:00",38416,,179,
"2018-12-10 00:00:00",28247,,200,
"2018-12-11 00:00:00",26045,,367,
"2018-12-12 00:00:00",25530,,216,
"2018-12-13 00:00:00",25578,,1306,
"2018-12-14 00:00:00",28887,,4951,
"2018-12-15 00:00:00",36914,,7043,
"2018-12-16 00:00:00",37650,,4069,
"2018-12-17 00:00:00",28628,,1477,
"2018-12-18 00:00:00",27793,,1055,
"2018-12-19 00:00:00",27203,,2311,
"2018-12-20 00:00:00",27724,,2471,
"2018-12-21 00:00:00",32618,,643,
"2018-12-22 00:00:00",39102,,1290,
"2018-12-23 00:00:00",41235,,1499,
"2018-12-24 00:00:00",34298,,151,
"2018-12-25 00:00:00",37869,,870,
"2018-12-26 00:00:00",39970,,616,
"2018-12-27 00:00:00",40931,,1219,
"2018-12-28 00:00:00",41641,,451,
"2018-12-29 00:00:00",44956,,419,
"2018-12-30 00:00:00",47851,,329,
"2018-12-31 00:00:00",40209,,285,
"2019-01-01 00:00:00",47800,,589,
"2019-01-02 00:00:00",38910,,9384,
"2019-01-03 00:00:00",36830,,4312,
"2019-01-04 00:00:00",37783,,8248,
"2019-01-05 00:00:00",44698,,6570,
"2019-01-06 00:00:00",43201,,10096,
"2019-01-07 00:00:00",32809,,6792,
"2019-01-08 00:00:00",29367,,5353,
"2019-01-09 00:00:00",28934,,4168,
"2019-01-10 00:00:00",28413,,1724,
"2019-01-11 00:00:00",32479,,436,
"2019-01-12 00:00:00",42757,,1045,
"2019-01-13 00:00:00",43229,,342,
"2019-01-14 00:00:00",32013,,570,
"2019-01-15 00:00:00",28538,,3419,
"2019-01-16 00:00:00",28383,,6343,
"2019-01-17 00:00:00",28530,,1686,
"2019-01-18 00:00:00",31970,,345,
"2019-01-19 00:00:00",41503,,373,
"2019-01-20 00:00:00",43301,,4870,
"2019-01-21 00:00:00",33955,,746,
"2019-01-22 00:00:00",28300,,3953,
"2019-01-23 00:00:00",27583,,1191,
"2019-01-24 00:00:00",26877,,1356,
"2019-01-25 00:00:00",29780,,177,
"2019-01-26 00:00:00",39095,,759,
"2019-01-27 00:00:00",40716,,4483,
"2019-01-28 00:00:00",30649,,1958,
"2019-01-29 00:00:00",28129,,515,
"2019-01-30 00:00:00",29369,,1964,
"2019-01-31 00:00:00",28850,,5739,
"2019-02-01 00:00:00",31563,,222,
"2019-02-02 00:00:00",41531,,335,
"2019-02-03 00:00:00",43209,,152,
"2019-02-04 00:00:00",30449,,757,
"2019-02-05 00:00:00",30776,,475,
"2019-02-06 00:00:00",30587,,555,
"2019-02-07 00:00:00",31273,,4226,
"2019-02-08 00:00:00",34883,,530,
"2019-02-09 00:00:00",47037,,5914,
"2019-02-10 00:00:00",48564,,1029,
"2019-02-11 00:00:00",37372,,71439,
"2019-02-12 00:00:00",43651,,34680,
"2019-02-13 00:00:00",41813,,9113,
"2019-02-14 00:00:00",69493,,23522,
"2019-02-15 00:00:00",76258,,10753,
"2019-02-16 00:00:00",94100,,9916,
"2019-02-17 00:00:00",92954,,13047,
"2019-02-18 00:00:00",75574,,10442,
"2019-02-19 00:00:00",59452,,9521,
"2019-02-20 00:00:00",59781,,12987,
"2019-02-21 00:00:00",54587,,10108,
"2019-02-22 00:00:00",57957,,7631,
"2019-02-23 00:00:00",72880,,7124,
"2019-02-24 00:00:00",72721,,4180,
"2019-02-25 00:00:00",53059,,5450,
"2019-02-26 00:00:00",46716,,13578,
"2019-02-27 00:00:00",44906,,7436,
"2019-02-28 00:00:00",44961,,10440,
"2019-03-01 00:00:00",49165,,8986,
"2019-03-02 00:00:00",63971,,2740,
"2019-03-03 00:00:00",65063,,4378,
"2019-03-04 00:00:00",47923,,5585,
"2019-03-05 00:00:00",44711,,6130,
"2019-03-06 00:00:00",43375,,3585,
"2019-03-07 00:00:00",44382,,3477,
"2019-03-08 00:00:00",48068,,1040,
"2019-03-09 00:00:00",63251,,2144,
"2019-03-10 00:00:00",64166,,5382,
"2019-03-11 00:00:00",46682,,9736,
"2019-03-12 00:00:00",41342,,14287,
"2019-03-13 00:00:00",40424,,1503,
"2019-03-14 00:00:00",39980,,2398,
"2019-03-15 00:00:00",43810,,680,
"2019-03-16 00:00:00",55318,,840,
"2019-03-17 00:00:00",54863,,557,
"2019-03-18 00:00:00",39235,,7538,
"2019-03-19 00:00:00",36590,,2200,
"2019-03-20 00:00:00",34777,,1929,
"2019-03-21 00:00:00",34335,,1224,
"2019-03-22 00:00:00",37716,,973,
"2019-03-23 00:00:00",47455,,954,
"2019-03-24 00:00:00",48244,,1144,
"2019-03-25 00:00:00",34407,,3201,
"2019-03-26 00:00:00",32135,,665,
"2019-03-27 00:00:00",31593,,764,
"2019-03-28 00:00:00",30334,,928,
"2019-03-29 00:00:00",33699,,948,
"2019-03-30 00:00:00",42060,,481,
"2019-03-31 00:00:00",44024,,3665,
"2019-04-01 00:00:00",30575,,3040,
"2019-04-02 00:00:00",29756,,8223,
"2019-04-03 00:00:00",30028,,1592,
"2019-04-04 00:00:00",31105,,1212,
"2019-04-05 00:00:00",33422,,3203,
"2019-04-06 00:00:00",42135,,1419,
"2019-04-07 00:00:00",43605,,5702,
"2019-04-08 00:00:00",30190,,5424,
"2019-04-09 00:00:00",28749,,1410,
"2019-04-10 00:00:00",27778,,495,
"2019-04-11 00:00:00",28050,,590,
"2019-04-12 00:00:00",30681,,671,
"2019-04-13 00:00:00",40321,,3969,
"2019-04-14 00:00:00",41184,,2556,
"2019-04-15 00:00:00",27825,,4828,
"2019-04-16 00:00:00",26916,,3744,
"2019-04-17 00:00:00",26652,,851,
"2019-04-18 00:00:00",27546,,5007,
"2019-04-19 00:00:00",33434,,391,
"2019-04-20 00:00:00",36755,,278,
"2019-04-21 00:00:00",36770,,715,
"2019-04-22 00:00:00",30609,,3468,
"2019-04-23 00:00:00",26969,,706,
"2019-04-24 00:00:00",26199,,2950,
"2019-04-25 00:00:00",25813,,2365,
"2019-04-26 00:00:00",28190,,1978,
"2019-04-27 00:00:00",36028,,3116,
"2019-04-28 00:00:00",37754,,4369,
"2019-04-29 00:00:00",26113,,3105,
"2019-04-30 00:00:00",26387,,3469,
"2019-05-01 00:00:00",30033,,3089,
"2019-05-02 00:00:00",26692,,3556,
"2019-05-03 00:00:00",28463,,996,
"2019-05-04 00:00:00",35092,,346,
"2019-05-05 00:00:00",37344,,343,
"2019-05-06 00:00:00",25832,,2916,
"2019-05-07 00:00:00",26694,,285,
"2019-05-08 00:00:00",28054,,1174,
"2019-05-09 00:00:00",28123,,1333,
"2019-05-10 00:00:00",30870,,367,
"2019-05-11 00:00:00",41009,,2913,
"2019-05-12 00:00:00",40096,,236,
"2019-05-13 00:00:00",27646,,286,
"2019-05-14 00:00:00",27679,,2202,
"2019-05-15 00:00:00",27020,,444,
"2019-05-16 00:00:00",27145,,245,
"2019-05-17 00:00:00",29184,,289,
"2019-05-18 00:00:00",38426,,387,
"2019-05-19 00:00:00",39545,,500,
"2019-05-20 00:00:00",28068,,1225,
"2019-05-21 00:00:00",26797,,1494,
"2019-05-22 00:00:00",25958,,948,
"2019-05-23 00:00:00",24960,,1054,
"2019-05-24 00:00:00",27349,,302,
"2019-05-25 00:00:00",34293,,472,
"2019-05-26 00:00:00",34040,,185,
"2019-05-27 00:00:00",32371,,227,
"2019-05-28 00:00:00",25061,,377,
"2019-05-29 00:00:00",24861,,262,
"2019-05-30 00:00:00",25751,,332,
"2019-05-31 00:00:00",25777,,600,
"2019-06-01 00:00:00",31387,,338,
"2019-06-02 00:00:00",32617,,131,
"2019-06-03 00:00:00",24511,,555,
"2019-06-04 00:00:00",23406,,536,
"2019-06-05 00:00:00",23081,,997,
"2019-06-06 00:00:00",23339,,1091,
"2019-06-07 00:00:00",25332,,473,
"2019-06-08 00:00:00",31721,,2828,
"2019-06-09 00:00:00",32779,,393,
"2019-06-10 00:00:00",25717,,2799,
"2019-06-11 00:00:00",23396,,384,
"2019-06-12 00:00:00",22992,,446,
"2019-06-13 00:00:00",22987,,3142,
"2019-06-14 00:00:00",24509,,197,
"2019-06-15 00:00:00",30636,,3264,
"2019-06-16 00:00:00",32185,,319,
"2019-06-17 00:00:00",24239,,2180,
"2019-06-18 00:00:00",25120,,1158,
"2019-06-19 00:00:00",25532,,455,
"2019-06-20 00:00:00",26577,,2541,
"2019-06-21 00:00:00",26320,,339,
"2019-06-22 00:00:00",32688,,524,
"2019-06-23 00:00:00",34185,,579,
"2019-06-24 00:00:00",26100,,468,
"2019-06-25 00:00:00",25022,,356,
"2019-06-26 00:00:00",26083,,726,
"2019-06-27 00:00:00",26271,,1475,
"2019-06-28 00:00:00",27723,,385,
"2019-06-29 00:00:00",36336,,308,
"2019-06-30 00:00:00",39142,,440,
"2019-07-01 00:00:00",31381,,378,
"2019-07-02 00:00:00",29529,,240,
"2019-07-03 00:00:00",29872,,302,
"2019-07-04 00:00:00",34336,,3970,
"2019-07-05 00:00:00",33513,,1070,
"2019-07-06 00:00:00",39766,,211,
"2019-07-07 00:00:00",42438,,321,
"2019-07-08 00:00:00",32659,,136,
"2019-07-09 00:00:00",32107,,388,
"2019-07-10 00:00:00",30148,,994,
"2019-07-11 00:00:00",29243,,293,
"2019-07-12 00:00:00",30137,,123,
"2019-07-13 00:00:00",37735,,373,
"2019-07-14 00:00:00",39184,,1244,
"2019-07-15 00:00:00",29206,,206,
"2019-07-16 00:00:00",29008,,238,
"2019-07-17 00:00:00",28807,,852,
"2019-07-18 00:00:00",28652,,2653,
"2019-07-19 00:00:00",29798,,216,
"2019-07-20 00:00:00",37962,,1979,
"2019-07-21 00:00:00",39816,,1532,
"2019-07-22 00:00:00",29951,,537,
"2019-07-23 00:00:00",28269,,247,
"2019-07-24 00:00:00",27491,,1919,
"2019-07-25 00:00:00",26535,,229,
"2019-07-26 00:00:00",28001,,448,
"2019-07-27 00:00:00",36698,,683,
"2019-07-28 00:00:00",38533,,657,
"2019-07-29 00:00:00",29529,,2512,
"2019-07-30 00:00:00",27975,,1179,
"2019-07-31 00:00:00",27305,,725,
"2019-08-01 00:00:00",26179,,1856,
"2019-08-02 00:00:00",27205,,1038,
"2019-08-03 00:00:00",34138,,195,
"2019-08-04 00:00:00",35463,,975,
"2019-08-05 00:00:00",28256,,878,
"2019-08-06 00:00:00",26502,,208,
"2019-08-07 00:00:00",25937,,811,
"2019-08-08 00:00:00",25416,,863,
"2019-08-09 00:00:00",26437,,378,
"2019-08-10 00:00:00",33938,,222,
"2019-08-11 00:00:00",35918,,188,
"2019-08-12 00:00:00",27544,,262,
"2019-08-13 00:00:00",26566,,1076,
"2019-08-14 00:00:00",24454,,550,
"2019-08-15 00:00:00",25583,,209,
"2019-08-16 00:00:00",26659,,226,
"2019-08-17 00:00:00",33443,,159,
"2019-08-18 00:00:00",35433,,1302,
"2019-08-19 00:00:00",26342,,227,
"2019-08-20 00:00:00",25508,,278,
"2019-08-21 00:00:00",25074,,817,
"2019-08-22 00:00:00",24772,,127,
"2019-08-23 00:00:00",26031,,179,
"2019-08-24 00:00:00",31857,,228,
"2019-08-25 00:00:00",33526,,244,
"2019-08-26 00:00:00",25648,,134,
"2019-08-27 00:00:00",23927,,650,
"2019-08-28 00:00:00",23512,,265,
"2019-08-29 00:00:00",23324,,314,
"2019-08-30 00:00:00",25070,,423,
"2019-08-31 00:00:00",31044,,427,
"2019-09-01 00:00:00",32742,,189,
"2019-09-02 00:00:00",33200,,146,
"2019-09-03 00:00:00",24410,,267,
"2019-09-04 00:00:00",23551,,1592,
"2019-09-05 00:00:00",23559,,332,
"2019-09-06 00:00:00",25168,,346,
"2019-09-07 00:00:00",34131,,576,
"2019-09-08 00:00:00",34820,,344,
"2019-09-09 00:00:00",24422,,441,
"2019-09-10 00:00:00",24208,,4861,
"2019-09-11 00:00:00",24922,,380,
"2019-09-12 00:00:00",25187,,400,
"2019-09-13 00:00:00",26728,,1323,
"2019-09-14 00:00:00",33735,,769,
"2019-09-15 00:00:00",35606,,309,
"2019-09-16 00:00:00",25562,,3850,
"2019-09-17 00:00:00",24103,,238,
"2019-09-18 00:00:00",23623,,1228,
"2019-09-19 00:00:00",23840,,587,
"2019-09-20 00:00:00",26166,,624,
"2019-09-21 00:00:00",33352,,3417,
"2019-09-22 00:00:00",35563,,1875,
"2019-09-23 00:00:00",25324,,2502,
"2019-09-24 00:00:00",24537,,888,
"2019-09-25 00:00:00",24097,,1709,
"2019-09-26 00:00:00",24225,,957,
"2019-09-27 00:00:00",27003,,656,
"2019-09-28 00:00:00",33829,,1338,
"2019-09-29 00:00:00",36469,,1718,
"2019-09-30 00:00:00",26004,,3002,
"2019-10-01 00:00:00",24851,,439,
"2019-10-02 00:00:00",24601,,1502,
"2019-10-03 00:00:00",25644,,987,
"2019-10-04 00:00:00",29210,,946,
"2019-10-05 00:00:00",39133,,1142,
"2019-10-06 00:00:00",43611,,976,
"2019-10-07 00:00:00",29647,,2245,
"2019-10-08 00:00:00",29370,,1111,
"2019-10-09 00:00:00",28854,,2125,
"2019-10-10 00:00:00",28511,,1355,
"2019-10-11 00:00:00",32492,,985,
"2019-10-12 00:00:00",43639,,1267,
"2019-10-13 00:00:00",44516,,1662,
"2019-10-14 00:00:00",34642,,3089,
"2019-10-15 00:00:00",29983,,984,
"2019-10-16 00:00:00",30048,,1285,
"2019-10-17 00:00:00",29324,,1380,
"2019-10-18 00:00:00",32287,,1384,
"2019-10-19 00:00:00",42391,,1018,
"2019-10-20 00:00:00",43302,,1025,
"2019-10-21 00:00:00",30549,,2679,
"2019-10-22 00:00:00",28624,,410,
"2019-10-23 00:00:00",27565,,1228,
"2019-10-24 00:00:00",27511,,1178,
"2019-10-25 00:00:00",29610,,952,
"2019-10-26 00:00:00",37680,,702,
"2019-10-27 00:00:00",37800,,785,
"2019-10-28 00:00:00",26648,,2442,
"2019-10-29 00:00:00",25553,,840,
"2019-10-30 00:00:00",25386,,1185,
"2019-10-31 00:00:00",25333,,1538,
"2019-11-01 00:00:00",29043,,1143,
"2019-11-02 00:00:00",36474,,1754,
"2019-11-03 00:00:00",37210,,1326,
"2019-11-04 00:00:00",26649,,1368,
"2019-11-05 00:00:00",24454,,1142,
"2019-11-06 00:00:00",23993,,1821,
"2019-11-07 00:00:00",24260,,1122,
"2019-11-08 00:00:00",27549,,932,
"2019-11-09 00:00:00",35459,,923,
"2019-11-10 00:00:00",36428,,776,
"2019-11-11 00:00:00",30527,,3378,
"2019-11-12 00:00:00",26577,,845,
"2019-11-13 00:00:00",25415,,980,
"2019-11-14 00:00:00",25038,,475,
"2019-11-15 00:00:00",27715,,684,
"2019-11-16 00:00:00",35603,,677,
"2019-11-17 00:00:00",36020,,728,
"2019-11-18 00:00:00",26329,,7424,
"2019-11-19 00:00:00",24324,,884,
"2019-11-20 00:00:00",24251,,1348,
"2019-11-21 00:00:00",24146,,1057,
"2019-11-22 00:00:00",27702,,799,
"2019-11-23 00:00:00",35519,,992,
"2019-11-24 00:00:00",36440,,949,
"2019-11-25 00:00:00",27044,,8160,
"2019-11-26 00:00:00",26284,,973,
"2019-11-27 00:00:00",29952,,4120,
"2019-11-28 00:00:00",32229,,1477,
"2019-11-29 00:00:00",37408,,1124,
"2019-11-30 00:00:00",42850,,1231,
"2019-12-01 00:00:00",44679,,778,
"2019-12-02 00:00:00",33905,,6457,
"2019-12-03 00:00:00",32397,,7436,
"2019-12-04 00:00:00",30425,,1566,
"2019-12-05 00:00:00",29871,,757,
"2019-12-06 00:00:00",32784,,718,
"2019-12-07 00:00:00",40834,,891,
"2019-12-08 00:00:00",41319,,649,
"2019-12-09 00:00:00",30278,,518,
"2019-12-10 00:00:00",28908,,632,
"2019-12-11 00:00:00",27556,,590,
"2019-12-12 00:00:00",27576,,3688,
"2019-12-13 00:00:00",30770,,787,
"2019-12-14 00:00:00",41141,,5207,
"2019-12-15 00:00:00",41395,,464,
"2019-12-16 00:00:00",31322,,536,
"2019-12-17 00:00:00",30325,,469,
"2019-12-18 00:00:00",29109,,560,
"2019-12-19 00:00:00",30174,,1973,
"2019-12-20 00:00:00",32540,,1730,
"2019-12-21 00:00:00",41072,,690,
"2019-12-22 00:00:00",43934,,1641,
"2019-12-23 00:00:00",38737,,1611,
"2019-12-24 00:00:00",36748,,3667,
"2019-12-25 00:00:00",39954,,5123,
"2019-12-26 00:00:00",42521,,263,
"2019-12-27 00:00:00",43932,,2820,
"2019-12-28 00:00:00",48265,,306,
"2019-12-29 00:00:00",51395,,864,
"2019-12-30 00:00:00",46191,,384,
"2019-12-31 00:00:00",43969,,7675,
"2020-01-01 00:00:00",53115,,6667,
"2020-01-02 00:00:00",44617,,412,
"2020-01-03 00:00:00",44955,,968,
"2020-01-04 00:00:00",50686,,787,
"2020-01-05 00:00:00",48468,,724,
"2020-01-06 00:00:00",38040,,499,
"2020-01-07 00:00:00",33727,,941,
"2020-01-08 00:00:00",33158,,1571,
"2020-01-09 00:00:00",32471,,756,
"2020-01-10 00:00:00",36048,,634,
"2020-01-11 00:00:00",46669,,498,
"2020-01-12 00:00:00",45840,,1559,
"2020-01-13 00:00:00",33676,,979,
"2020-01-14 00:00:00",32599,,917,
"2020-01-15 00:00:00",31772,,1759,
"2020-01-16 00:00:00",31668,,870,
"2020-01-17 00:00:00",36285,,636,
"2020-01-18 00:00:00",47481,,470,
"2020-01-19 00:00:00",47805,,904,
"2020-01-20 00:00:00",39749,,1755,
"2020-01-21 00:00:00",33552,,2694,
"2020-01-22 00:00:00",33041,,1546,
"2020-01-23 00:00:00",32247,,578,
"2020-01-24 00:00:00",36488,,408,
"2020-01-25 00:00:00",49316,,545,
"2020-01-26 00:00:00",55381,,754,
"2020-01-27 00:00:00",39483,,800,
"2020-01-28 00:00:00",38753,,1066,
"2020-01-29 00:00:00",37247,,1497,
"2020-01-30 00:00:00",35596,,456,
"2020-01-31 00:00:00",37289,,714,
"2020-02-01 00:00:00",48253,,510,
"2020-02-02 00:00:00",49622,,920,
"2020-02-03 00:00:00",33163,,3285,
"2020-02-04 00:00:00",32084,,767,
"2020-02-05 00:00:00",31689,,1590,
"2020-02-06 00:00:00",31253,,471,
"2020-02-07 00:00:00",34614,,1030,
"2020-02-08 00:00:00",45263,,1023,
"2020-02-09 00:00:00",48707,,963,
"2020-02-10 00:00:00",33608,,826,
"2020-02-11 00:00:00",31042,,464,
"2020-02-12 00:00:00",30029,,789,
"2020-02-13 00:00:00",29305,,635,
"2020-02-14 00:00:00",31398,,817,
"2020-02-15 00:00:00",43872,,1548,
"2020-02-16 00:00:00",45089,,1076,
"2020-02-17 00:00:00",35548,,975,
"2020-02-18 00:00:00",29463,,293,
"2020-02-19 00:00:00",28752,,1365,
"2020-02-20 00:00:00",29027,,657,
"2020-02-21 00:00:00",32319,,886,
"2020-02-22 00:00:00",42369,,1701,
"2020-02-23 00:00:00",43356,,1485,
"2020-02-24 00:00:00",31738,,1475,
"2020-02-25 00:00:00",29178,,625,
"2020-02-26 00:00:00",28432,,553,
"2020-02-27 00:00:00",28044,,603,
"2020-02-28 00:00:00",30340,,544,
"2020-02-29 00:00:00",41716,,833,
"2020-03-01 00:00:00",41934,,450,
"2020-03-02 00:00:00",29569,,346,
"2020-03-03 00:00:00",27403,,3623,
"2020-03-04 00:00:00",26870,,2824,
"2020-03-05 00:00:00",27034,,2547,
"2020-03-06 00:00:00",31153,,708,
"2020-03-07 00:00:00",40836,,3427,
"2020-03-08 00:00:00",41255,,1257,
"2020-03-09 00:00:00",29889,,4486,
"2020-03-10 00:00:00",28998,,4253,
"2020-03-11 00:00:00",28095,,5017,
"2020-03-12 00:00:00",30858,,1658,
"2020-03-13 00:00:00",40641,,1973,
"2020-03-14 00:00:00",58893,,1919,
"2020-03-15 00:00:00",64814,,2624,
"2020-03-16 00:00:00",51996,,3199,
"2020-03-17 00:00:00",52085,,2557,
"2020-03-18 00:00:00",51462,,1488,
"2020-03-19 00:00:00",51286,,1858,
"2020-03-20 00:00:00",54118,,713,
"2020-03-21 00:00:00",66566,,1557,
"2020-03-22 00:00:00",65358,,2286,
"2020-03-23 00:00:00",50992,,481,
"2020-03-24 00:00:00",50499,,529,
"2020-03-25 00:00:00",50246,,975,
"2020-03-26 00:00:00",48886,,900,
"2020-03-27 00:00:00",52080,,1574,
"2020-03-28 00:00:00",64334,,8411,
"2020-03-29 00:00:00",62793,,929,
"2020-03-30 00:00:00",48541,,673,
"2020-03-31 00:00:00",47457,,4490,
"2020-04-01 00:00:00",46489,,991,
"2020-04-02 00:00:00",45915,,688,
"2020-04-03 00:00:00",50011,,996,
"2020-04-04 00:00:00",64154,,2376,
"2020-04-05 00:00:00",57699,,1447,
"2020-04-06 00:00:00",45508,,444,
"2020-04-07 00:00:00",49687,,678,
"2020-04-08 00:00:00",50743,,2121,
"2020-04-09 00:00:00",54806,,706,
"2020-04-10 00:00:00",62645,,7322,
"2020-04-11 00:00:00",68411,,7525,
"2020-04-12 00:00:00",70303,,1330,
"2020-04-13 00:00:00",64337,,828,
"2020-04-14 00:00:00",56748,,1108,
"2020-04-15 00:00:00",54473,,962,
"2020-04-16 00:00:00",54408,,985,
"2020-04-17 00:00:00",58555,,3890,
"2020-04-18 00:00:00",69791,,4845,
"2020-04-19 00:00:00",68188,,1227,
"2020-04-20 00:00:00",54187,,7162,
"2020-04-21 00:00:00",54029,,8686,
"2020-04-22 00:00:00",51541,,1645,
"2020-04-23 00:00:00",51302,,829,
"2020-04-24 00:00:00",54338,,28380,
"2020-04-25 00:00:00",61752,,27697,
"2020-04-26 00:00:00",60392,,593,
"2020-04-27 00:00:00",47532,,30924,
"2020-04-28 00:00:00",46885,,30435,
"2020-04-29 00:00:00",46099,,2554,
"2020-04-30 00:00:00",48750,,1494,
"2020-05-01 00:00:00",53003,,1209,
"2020-05-02 00:00:00",56333,,1091,
"2020-05-03 00:00:00",57044,,1097,
"2020-05-04 00:00:00",44809,,12952,
"2020-05-05 00:00:00",43842,,976,
"2020-05-06 00:00:00",42522,,1057,
"2020-05-07 00:00:00",42478,,14173,
"2020-05-08 00:00:00",46527,,21907,
"2020-05-09 00:00:00",52795,,2167,
"2020-05-10 00:00:00",52760,,14369,
"2020-05-11 00:00:00",45378,,2983,
"2020-05-12 00:00:00",45020,,1625,
"2020-05-13 00:00:00",43977,,2247,
"2020-05-14 00:00:00",44552,,10121,
"2020-05-15 00:00:00",47545,,2988,
"2020-05-16 00:00:00",52649,,2437,
"2020-05-17 00:00:00",53457,,2071,
"2020-05-18 00:00:00",43505,,1461,
"2020-05-19 00:00:00",42210,,975,
"2020-05-20 00:00:00",42370,,10714,
"2020-05-21 00:00:00",51085,,9588,
"2020-05-22 00:00:00",63018,,9423,
"2020-05-23 00:00:00",75861,,22364,
"2020-05-24 00:00:00",76977,,21498,
"2020-05-25 00:00:00",74065,,8774,
"2020-05-26 00:00:00",61875,,13365,
"2020-05-27 00:00:00",59572,,6843,
"2020-05-28 00:00:00",59654,,16014,
"2020-05-29 00:00:00",60937,,7358,
"2020-05-30 00:00:00",66896,,10672,
"2020-05-31 00:00:00",68113,,9682,
"2020-06-01 00:00:00",53974,,4806,
"2020-06-02 00:00:00",50505,,2176,
"2020-06-03 00:00:00",50721,,10531,
"2020-06-04 00:00:00",50662,,4140,
"2020-06-05 00:00:00",53312,,7262,
"2020-06-06 00:00:00",60804,,11936,
"2020-06-07 00:00:00",61581,,2340,
"2020-06-08 00:00:00",49123,,11866,
"2020-06-09 00:00:00",49797,,5406,
"2020-06-10 00:00:00",49366,,4533,
"2020-06-11 00:00:00",49719,,2286,
"2020-06-12 00:00:00",50292,,12049,
"2020-06-13 00:00:00",58807,,4120,
"2020-06-14 00:00:00",60216,,9147,
"2020-06-15 00:00:00",48175,,1581,
"2020-06-16 00:00:00",46509,,2312,
"2020-06-17 00:00:00",44894,,3285,
"2020-06-18 00:00:00",44762,,2313,
"2020-06-19 00:00:00",46779,,2330,
"2020-06-20 00:00:00",54959,,1631,
"2020-06-21 00:00:00",55471,,1717,
"2020-06-22 00:00:00",45789,,4449,
"2020-06-23 00:00:00",42840,,1280,
"2020-06-24 00:00:00",41782,,2077,
"2020-06-25 00:00:00",39866,,12661,
"2020-06-26 00:00:00",43113,,11626,
"2020-06-27 00:00:00",50911,,1360,
"2020-06-28 00:00:00",53947,,2114,
"2020-06-29 00:00:00",44489,,3867,
"2020-06-30 00:00:00",43162,,1721,
"2020-07-01 00:00:00",43640,,7133,
"2020-07-02 00:00:00",42998,,11738,
"2020-07-03 00:00:00",48712,,10927,
"2020-07-04 00:00:00",54297,,12483,
"2020-07-05 00:00:00",55564,,3538,
"2020-07-06 00:00:00",45734,,14782,
"2020-07-07 00:00:00",44266,,9188,
"2020-07-08 00:00:00",44246,,13402,
"2020-07-09 00:00:00",42700,,11926,
"2020-07-10 00:00:00",44638,,8291,
"2020-07-11 00:00:00",51413,,11577,
"2020-07-12 00:00:00",50874,,1007,
"2020-07-13 00:00:00",41776,,12493,
"2020-07-14 00:00:00",41663,,12473,
"2020-07-15 00:00:00",39910,,1685,
"2020-07-16 00:00:00",39534,,2042,
"2020-07-17 00:00:00",41057,,1852,
"2020-07-18 00:00:00",47416,,9021,
"2020-07-19 00:00:00",48798,,1019,
"2020-07-20 00:00:00",39359,,9590,
"2020-07-21 00:00:00",38583,,10548,
"2020-07-22 00:00:00",37406,,9315,
"2020-07-23 00:00:00",44084,,9063,
"2020-07-24 00:00:00",50152,,8741,
"2020-07-25 00:00:00",61754,,8577,
"2020-07-26 00:00:00",64845,,2033,
"2020-07-27 00:00:00",51616,,7678,
"2020-07-28 00:00:00",46792,,18416,
"2020-07-29 00:00:00",45215,,13158,
"2020-07-30 00:00:00",43143,,10125,
"2020-07-31 00:00:00",44063,,16649,
"2020-08-01 00:00:00",50997,,1392,
"2020-08-02 00:00:00",53404,,1632,
"2020-08-03 00:00:00",43749,,7053,
"2020-08-04 00:00:00",41592,,9855,
"2020-08-05 00:00:00",39537,,9736,
"2020-08-06 00:00:00",38177,,11787,
"2020-08-07 00:00:00",39977,,1450,
"2020-08-08 00:00:00",47006,,3971,
"2020-08-09 00:00:00",48516,,652,
"2020-08-10 00:00:00",38894,,1105,
"2020-08-11 00:00:00",37654,,1339,
"2020-08-12 00:00:00",36709,,1275,
"2020-08-13 00:00:00",36408,,1255,
"2020-08-14 00:00:00",38118,,819,
"2020-08-15 00:00:00",45535,,5257,
"2020-08-16 00:00:00",47030,,9560,
"2020-08-17 00:00:00",37634,,7689,
"2020-08-18 00:00:00",36268,,10310,
"2020-08-19 00:00:00",35459,,1145,
"2020-08-20 00:00:00",35422,,981,
"2020-08-21 00:00:00",37306,,1549,
"2020-08-22 00:00:00",45827,,1366,
"2020-08-23 00:00:00",47632,,872,
"2020-08-24 00:00:00",36485,,1425,
"2020-08-25 00:00:00",36160,,7436,
"2020-08-26 00:00:00",35229,,4700,
"2020-08-27 00:00:00",36222,,11099,
"2020-08-28 00:00:00",38799,,794,
"2020-08-29 00:00:00",47044,,84757,
"2020-08-30 00:00:00",48328,,146231,
"2020-08-31 00:00:00",37748,,2512,
"2020-09-01 00:00:00",35615,,3994,
"2020-09-02 00:00:00",34862,,7891,
"2020-09-03 00:00:00",34269,,14095,
"2020-09-04 00:00:00",36738,,8285,
"2020-09-05 00:00:00",43535,,1664,
"2020-09-06 00:00:00",44668,,2193,
"2020-09-07 00:00:00",42533,,4559,
"2020-09-08 00:00:00",33866,,2441,
"2020-09-09 00:00:00",34695,,2382,
"2020-09-10 00:00:00",35718,,2410,
"2020-09-11 00:00:00",39219,,3834,
"2020-09-12 00:00:00",48485,,2933,
"2020-09-13 00:00:00",46848,,3078,
"2020-09-14 00:00:00",34970,,6750,
"2020-09-15 00:00:00",33965,,13330,
"2020-09-16 00:00:00",32923,,1498,
"2020-09-17 00:00:00",33121,,1241,
"2020-09-18 00:00:00",35398,,1953,
"2020-09-19 00:00:00",43908,,2395,
"2020-09-20 00:00:00",44320,,1990,
"2020-09-21 00:00:00",33876,,1382,
"2020-09-22 00:00:00",33472,,1667,
"2020-09-23 00:00:00",33486,,12841,
"2020-09-24 00:00:00",41192,,4117,
"2020-09-25 00:00:00",44381,,3104,
"2020-09-26 00:00:00",54185,,2581,
"2020-09-27 00:00:00",54803,,3629,
"2020-09-28 00:00:00",40543,,2915,
"2020-09-29 00:00:00",39522,,1687,
"2020-09-30 00:00:00",39616,,777,
"2020-10-01 00:00:00",39369,,2098,
"2020-10-02 00:00:00",42416,,1978,
"2020-10-03 00:00:00",53363,,1485,
"2020-10-04 00:00:00",54443,,2475,
"2020-10-05 00:00:00",39683,,1460,
"2020-10-06 00:00:00",38596,,769,
"2020-10-07 00:00:00",38196,,1189,
"2020-10-08 00:00:00",36620,,1778,
"2020-10-09 00:00:00",39183,,3817,
"2020-10-10 00:00:00",48953,,5124,
"2020-10-11 00:00:00",48387,,1672,
"2020-10-12 00:00:00",39257,,1730,
"2020-10-13 00:00:00",35015,,947,
"2020-10-14 00:00:00",34284,,1889,
"2020-10-15 00:00:00",34259,,2473,
"2020-10-16 00:00:00",38001,,1968,
"2020-10-17 00:00:00",45973,,1662,
"2020-10-18 00:00:00",45849,,5381,
"2020-10-19 00:00:00",35272,,832,
"2020-10-20 00:00:00",33987,,1511,
"2020-10-21 00:00:00",34060,,1828,
"2020-10-22 00:00:00",36918,,796,
"2020-10-23 00:00:00",41588,,2741,
"2020-10-24 00:00:00",51214,,1660,
"2020-10-25 00:00:00",52188,,2652,
"2020-10-26 00:00:00",40629,,3105,
"2020-10-27 00:00:00",38843,,1043,
"2020-10-28 00:00:00",38004,,2120,
"2020-10-29 00:00:00",37685,,1760,
"2020-10-30 00:00:00",42154,,2567,
"2020-10-31 00:00:00",49867,,2110,
"2020-11-01 00:00:00",51226,,3003,
"2020-11-02 00:00:00",38974,,10822,
"2020-11-03 00:00:00",38489,,1133,
"2020-11-04 00:00:00",36508,,3046,
"2020-11-05 00:00:00",37895,,1894,
"2020-11-06 00:00:00",42899,,2373,
"2020-11-07 00:00:00",52776,,1670,
"2020-11-08 00:00:00",53373,,2610,
"2020-11-09 00:00:00",41293,,2676,
"2020-11-10 00:00:00",40579,,2094,
"2020-11-11 00:00:00",41663,,1678,
"2020-11-12 00:00:00",38524,,2178,
"2020-11-13 00:00:00",42702,,1851,
"2020-11-14 00:00:00",50949,,1027,
"2020-11-15 00:00:00",49877,,2075,
"2020-11-16 00:00:00",36781,,1382,
"2020-11-17 00:00:00",35890,,1961,
"2020-11-18 00:00:00",35732,,2440,
"2020-11-19 00:00:00",40376,,10178,
"2020-11-20 00:00:00",45340,,5169,
"2020-11-21 00:00:00",53404,,2648,
"2020-11-22 00:00:00",52932,,1951,
"2020-11-23 00:00:00",39628,,2336,
"2020-11-24 00:00:00",38126,,1048,
"2020-11-25 00:00:00",39013,,2133,
"2020-11-26 00:00:00",41364,,1392,
"2020-11-27 00:00:00",47187,,1711,
"2020-11-28 00:00:00",51849,,1570,
"2020-11-29 00:00:00",49587,,1357,
"2020-11-30 00:00:00",38695,,1260,
"2020-12-01 00:00:00",37788,,1579,
"2020-12-02 00:00:00",36647,,1577,
"2020-12-03 00:00:00",35943,,1890,
"2020-12-04 00:00:00",39794,,1883,
"2020-12-05 00:00:00",47527,,1788,
"2020-12-06 00:00:00",45769,,1408,
"2020-12-07 00:00:00",36415,,1197,
"2020-12-08 00:00:00",35690,,10855,
"2020-12-09 00:00:00",33726,,1330,
"2020-12-10 00:00:00",32079,,1066,
"2020-12-11 00:00:00",35836,,2608,
"2020-12-12 00:00:00",43820,,1350,
"2020-12-13 00:00:00",42057,,1786,
"2020-12-14 00:00:00",33224,,845,
"2020-12-15 00:00:00",32745,,941,
"2020-12-16 00:00:00",33256,,1458,
"2020-12-17 00:00:00",34612,,1657,
"2020-12-18 00:00:00",38990,,8402,
"2020-12-19 00:00:00",47153,,2268,
"2020-12-20 00:00:00",47371,,1799,
"2020-12-21 00:00:00",41197,,1613,
"2020-12-22 00:00:00",42152,,2130,
"2020-12-23 00:00:00",42519,,1331,
"2020-12-24 00:00:00",38481,,715,
"2020-12-25 00:00:00",45214,,1084,
"2020-12-26 00:00:00",53514,,1186,
"2020-12-27 00:00:00",55295,,1066,
"2020-12-28 00:00:00",52928,,1336,
"2020-12-29 00:00:00",51925,,1314,
"2020-12-30 00:00:00",51890,,1411,
"2020-12-31 00:00:00",48359,,6801,
"2021-01-01 00:00:00",59075,,6338,
"2021-01-02 00:00:00",59866,,13204,
"2021-01-03 00:00:00",55910,,1363,
"2021-01-04 00:00:00",44077,,1508,
"2021-01-05 00:00:00",44235,,2193,
"2021-01-06 00:00:00",40738,,1123,
"2021-01-07 00:00:00",41058,,2332,
"2021-01-08 00:00:00",44574,,2347,
"2021-01-09 00:00:00",51898,,2263,
"2021-01-10 00:00:00",50439,,1888,
"2021-01-11 00:00:00",38892,,1365,
"2021-01-12 00:00:00",37755,,2048,
"2021-01-13 00:00:00",36962,,2160,
"2021-01-14 00:00:00",37273,,5924,
"2021-01-15 00:00:00",41796,,3255,
"2021-01-16 00:00:00",52087,,3269,
"2021-01-17 00:00:00",49661,,3274,
"2021-01-18 00:00:00",41863,,1761,
"2021-01-19 00:00:00",37106,,1140,
"2021-01-20 00:00:00",37451,,1774,
"2021-01-21 00:00:00",37436,,1877,
"2021-01-22 00:00:00",42295,,3532,
"2021-01-23 00:00:00",52766,,2889,
"2021-01-24 00:00:00",51038,,1435,
"2021-01-25 00:00:00",38569,,996,
"2021-01-26 00:00:00",38211,,1831,
"2021-01-27 00:00:00",37539,,13906,
"2021-01-28 00:00:00",45209,,3551,
"2021-01-29 00:00:00",52763,,6063,
"2021-01-30 00:00:00",65447,,1804,
"2021-01-31 00:00:00",66255,,2921,
"2021-02-01 00:00:00",50516,,5664,
"2021-02-02 00:00:00",48945,,1922,
"2021-02-03 00:00:00",47161,,1618,
"2021-02-04 00:00:00",47525,,10693,
"2021-02-05 00:00:00",52955,,1916,
"2021-02-06 00:00:00",65434,,3685,
"2021-02-07 00:00:00",68498,,3405,
"2021-02-08 00:00:00",49787,,6841,
"2021-02-09 00:00:00",48786,,1981,
"2021-02-10 00:00:00",48422,,1841,
"2021-02-11 00:00:00",48251,,3009,
"2021-02-12 00:00:00",51289,,19960,
"2021-02-13 00:00:00",61587,,2540,
"2021-02-14 00:00:00",61707,,3374,
"2021-02-15 00:00:00",52156,,2335,
"2021-02-16 00:00:00",46574,,1094,
"2021-02-17 00:00:00",45417,,1428,
"2021-02-18 00:00:00",47102,,1992,
"2021-02-19 00:00:00",48412,,1316,
"2021-02-20 00:00:00",55984,,2776,
"2021-02-21 00:00:00",55057,,2679,
"2021-02-22 00:00:00",42088,,3381,
"2021-02-23 00:00:00",40329,,937,
"2021-02-24 00:00:00",39093,,2024,
"2021-02-25 00:00:00",42357,,3117,
"2021-02-26 00:00:00",47105,,3838,
"2021-02-27 00:00:00",56878,,2830,
"2021-02-28 00:00:00",55872,,2485,
"2021-03-01 00:00:00",41653,,2753,
"2021-03-02 00:00:00",40557,,1771,
"2021-03-03 00:00:00",38957,,1725,
"2021-03-04 00:00:00",38878,,2126,
"2021-03-05 00:00:00",43280,,4716,
"2021-03-06 00:00:00",52011,,3382,
"2021-03-07 00:00:00",50520,,3330,
"2021-03-08 00:00:00",37580,,2691,
"2021-03-09 00:00:00",36216,,895,
"2021-03-10 00:00:00",35958,,8328,
"2021-03-11 00:00:00",36662,,1513,
"2021-03-12 00:00:00",41333,,2592,
"2021-03-13 00:00:00",50392,,2620,
"2021-03-14 00:00:00",50325,,3365,
"2021-03-15 00:00:00",39351,,3032,
"2021-03-16 00:00:00",38368,,2465,
"2021-03-17 00:00:00",37293,,1757,
"2021-03-18 00:00:00",37917,,2395,
"2021-03-19 00:00:00",42217,,2951,
"2021-03-20 00:00:00",50216,,4066,
"2021-03-21 00:00:00",49820,,13842,
"2021-03-22 00:00:00",37980,,11647,
"2021-03-23 00:00:00",37064,,1084,
"2021-03-24 00:00:00",37159,,1482,
"2021-03-25 00:00:00",42138,,2876,
"2021-03-26 00:00:00",50664,,4512,
"2021-03-27 00:00:00",63787,,3243,
"2021-03-28 00:00:00",64817,,2672,
"2021-03-29 00:00:00",47204,,5278,
"2021-03-30 00:00:00",44570,,1592,
"2021-03-31 00:00:00",43592,,2481,
"2021-04-01 00:00:00",46190,,2816,
"2021-04-02 00:00:00",54887,,2147,
"2021-04-03 00:00:00",59761,,1825,
"2021-04-04 00:00:00",58963,,3761,
"2021-04-05 00:00:00",54843,,4364,
"2021-04-06 00:00:00",44228,,1785,
"2021-04-07 00:00:00",40621,,2857,
"2021-04-08 00:00:00",40725,,3780,
"2021-04-09 00:00:00",43988,,4090,
"2021-04-10 00:00:00",54061,,4122,
"2021-04-11 00:00:00",53219,,2416,
"2021-04-12 00:00:00",39399,,3424,
"2021-04-13 00:00:00",37648,,1862,
"2021-04-14 00:00:00",38049,,5208,
"2021-04-15 00:00:00",38274,,2436,
"2021-04-16 00:00:00",41811,,2211,
"2021-04-17 00:00:00",50624,,2849,
"2021-04-18 00:00:00",48867,,2441,
"2021-04-19 00:00:00",37466,,2840,
"2021-04-20 00:00:00",36030,,4176,
"2021-04-21 00:00:00",36614,,2923,
"2021-04-22 00:00:00",40011,,2553,
"2021-04-23 00:00:00",44236,,2156,
"2021-04-24 00:00:00",52008,,2457,
"2021-04-25 00:00:00",53463,,2756,
"2021-04-26 00:00:00",40414,,3740,
"2021-04-27 00:00:00",38215,,1567,
"2021-04-28 00:00:00",37040,,10717,
"2021-04-29 00:00:00",37648,,2124,
"2021-04-30 00:00:00",40343,,2729,
"2021-05-01 00:00:00",49350,,7224,
"2021-05-02 00:00:00",49539,,1486,
"2021-05-03 00:00:00",39323,,1681,
"2021-05-04 00:00:00",37131,,1905,
"2021-05-05 00:00:00",36057,,2740,
"2021-05-06 00:00:00",35647,,1802,
"2021-05-07 00:00:00",38864,,3281,
"2021-05-08 00:00:00",46063,,1986,
"2021-05-09 00:00:00",43339,,2616,
"2021-05-10 00:00:00",35564,,8740,
"2021-05-11 00:00:00",35487,,1460,
"2021-05-12 00:00:00",36034,,2391,
"2021-05-13 00:00:00",36951,,20733,
"2021-05-14 00:00:00",37543,,1827,
"2021-05-15 00:00:00",44990,,2208,
"2021-05-16 00:00:00",45546,,2867,
"2021-05-17 00:00:00",34560,,1662,
"2021-05-18 00:00:00",33576,,1286,
"2021-05-19 00:00:00",32344,,3508,
"2021-05-20 00:00:00",32287,,1432,
"2021-05-21 00:00:00",36507,,2472,
"2021-05-22 00:00:00",45704,,1333,
"2021-05-23 00:00:00",45479,,2498,
"2021-05-24 00:00:00",39812,,1611,
"2021-05-25 00:00:00",35211,,1374,
"2021-05-26 00:00:00",34644,,3340,
"2021-05-27 00:00:00",34333,,4178,
"2021-05-28 00:00:00",37948,,2736,
"2021-05-29 00:00:00",45645,,2380,
"2021-05-30 00:00:00",43916,,4804,
"2021-05-31 00:00:00",39906,,1044,
"2021-06-01 00:00:00",33204,,2713,
"2021-06-02 00:00:00",34118,,1876,
"2021-06-03 00:00:00",36264,,2212,
"2021-06-04 00:00:00",38333,,1571,
"2021-06-05 00:00:00",45433,,1107,
"2021-06-06 00:00:00",45816,,1590,
"2021-06-07 00:00:00",34947,,1781,
"2021-06-08 00:00:00",33713,,2315,
"2021-06-09 00:00:00",32943,,1172,
"2021-06-10 00:00:00",32187,,1864,
"2021-06-11 00:00:00",34659,,3691,
"2021-06-12 00:00:00",43630,,1706,
"2021-06-13 00:00:00",44556,,1782,
"2021-06-14 00:00:00",33732,,1554,
"2021-06-15 00:00:00",32100,,982,
"2021-06-16 00:00:00",31297,,2389,
"2021-06-17 00:00:00",31286,,2958,
"2021-06-18 00:00:00",35414,,4216,
"2021-06-19 00:00:00",41662,,2178,
"2021-06-20 00:00:00",42448,,1505,
"2021-06-21 00:00:00",32838,,1598,
"2021-06-22 00:00:00",32207,,1417,
"2021-06-23 00:00:00",31083,,1572,
"2021-06-24 00:00:00",32037,,1719,
"2021-06-25 00:00:00",35513,,1734,
"2021-06-26 00:00:00",43915,,1418,
"2021-06-27 00:00:00",45130,,1846,
"2021-06-28 00:00:00",35575,,1343,
"2021-06-29 00:00:00",35332,,864,
"2021-06-30 00:00:00",35560,,2139,
"2021-07-01 00:00:00",35685,,1247,
"2021-07-02 00:00:00",38646,,1406,
"2021-07-03 00:00:00",46104,,1576,
"2021-07-04 00:00:00",47773,,1229,
"2021-07-05 00:00:00",41665,,1535,
"2021-07-06 00:00:00",36796,,1844,
"2021-07-07 00:00:00",35903,,1332,
"2021-07-08 00:00:00",35598,,1308,
"2021-07-09 00:00:00",51974,,1800,
"2021-07-10 00:00:00",66606,,953,
"2021-07-11 00:00:00",64557,,634,
"2021-07-12 00:00:00",50904,,1974,
"2021-07-13 00:00:00",48455,,2034,
"2021-07-14 00:00:00",46515,,1675,
"2021-07-15 00:00:00",43923,,1146,
"2021-07-16 00:00:00",47990,,1016,
"2021-07-17 00:00:00",56985,,1156,
"2021-07-18 00:00:00",56918,,1583,
"2021-07-19 00:00:00",47391,,8064,
"2021-07-20 00:00:00",47060,,1156,
"2021-07-21 00:00:00",45443,,1508,
"2021-07-22 00:00:00",44922,,1192,
"2021-07-23 00:00:00",45655,,838,
"2021-07-24 00:00:00",52074,,557,
"2021-07-25 00:00:00",52020,,1454,
"2021-07-26 00:00:00",41415,,1135,
"2021-07-27 00:00:00",40188,,758,
"2021-07-28 00:00:00",39596,,927,
"2021-07-29 00:00:00",38715,,1750,
"2021-07-30 00:00:00",41832,,2503,
"2021-07-31 00:00:00",48283,,866,
"2021-08-01 00:00:00",49064,,1345,
"2021-08-02 00:00:00",39717,,1350,
"2021-08-03 00:00:00",38747,,945,
"2021-08-04 00:00:00",38294,,1720,
"2021-08-05 00:00:00",37792,,1989,
"2021-08-06 00:00:00",40617,,1549,
"2021-08-07 00:00:00",47982,,731,
"2021-08-08 00:00:00",49262,,1331,
"2021-08-09 00:00:00",38774,,1097,
"2021-08-10 00:00:00",37644,,524,
"2021-08-11 00:00:00",36700,,1477,
"2021-08-12 00:00:00",36365,,1351,
"2021-08-13 00:00:00",38032,,940,
"2021-08-14 00:00:00",44591,,1682,
"2021-08-15 00:00:00",46212,,1662,
"2021-08-16 00:00:00",37482,,4037,
"2021-08-17 00:00:00",37173,,5750,
"2021-08-18 00:00:00",36123,,3829,
"2021-08-19 00:00:00",36653,,1640,
"2021-08-20 00:00:00",39652,,2971,
"2021-08-21 00:00:00",46670,,932,
"2021-08-22 00:00:00",48488,,4971,
"2021-08-23 00:00:00",37777,,6366,
"2021-08-24 00:00:00",37022,,3698,
"2021-08-25 00:00:00",35942,,3211,
"2021-08-26 00:00:00",35692,,6254,
"2021-08-27 00:00:00",38638,,3301,
"2021-08-28 00:00:00",44764,,2004,
"2021-08-29 00:00:00",46030,,2159,
"2021-08-30 00:00:00",36291,,1638,
"2021-08-31 00:00:00",34159,,1333,
"2021-09-01 00:00:00",32165,,1775,
"2021-09-02 00:00:00",31616,,1739,
"2021-09-03 00:00:00",42487,,1014,
"2021-09-04 00:00:00",60432,,1042,
"2021-09-05 00:00:00",66283,,1561,
"2021-09-06 00:00:00",60939,,1604,
"2021-09-07 00:00:00",57268,,3342,
"2021-09-08 00:00:00",56972,,1574,
"2021-09-09 00:00:00",55793,,1150,
"2021-09-10 00:00:00",60754,,2194,
"2021-09-11 00:00:00",71791,,1297,
"2021-09-12 00:00:00",69875,,1138,
"2021-09-13 00:00:00",55828,,1351,
"2021-09-14 00:00:00",54687,,1004,
"2021-09-15 00:00:00",54650,,2243,
"2021-09-16 00:00:00",54719,,1640,
"2021-09-17 00:00:00",55255,,1249,
"2021-09-18 00:00:00",64952,,989,
"2021-09-19 00:00:00",66908,,1249,
"2021-09-20 00:00:00",51353,,810,
"2021-09-21 00:00:00",45612,,1783,
"2021-09-22 00:00:00",43206,,1118,
"2021-09-23 00:00:00",41597,,1135,
"2021-09-24 00:00:00",45518,,1553,
"2021-09-25 00:00:00",51339,,1334,
"2021-09-26 00:00:00",50285,,1601,
"2021-09-27 00:00:00",37696,,773,
"2021-09-28 00:00:00",36698,,1856,
"2021-09-29 00:00:00",36441,,930,
"2021-09-30 00:00:00",39118,,1313,
"2021-10-01 00:00:00",41662,,2079,
"2021-10-02 00:00:00",49375,,1436,
"2021-10-03 00:00:00",50982,,1310,
"2021-10-04 00:00:00",37867,,952,
"2021-10-05 00:00:00",36312,,1446,
"2021-10-06 00:00:00",36303,,945,
"2021-10-07 00:00:00",33319,,1637,
"2021-10-08 00:00:00",35180,,5882,
"2021-10-09 00:00:00",44535,,1654,
"2021-10-10 00:00:00",44117,,1427,
"2021-10-11 00:00:00",33719,,6230,
"2021-10-12 00:00:00",32089,,718,
"2021-10-13 00:00:00",31539,,1624,
"2021-10-14 00:00:00",31468,,1328,
"2021-10-15 00:00:00",38494,,1342,
"2021-10-16 00:00:00",50618,,1657,
"2021-10-17 00:00:00",50617,,1329,
"2021-10-18 00:00:00",39127,,1230,
"2021-10-19 00:00:00",38286,,1415,
"2021-10-20 00:00:00",37423,,1950,
"2021-10-21 00:00:00",36599,,1150,
"2021-10-22 00:00:00",40579,,1412,
"2021-10-23 00:00:00",48544,,904,
"2021-10-24 00:00:00",45818,,990,
"2021-10-25 00:00:00",34333,,1574,
"2021-10-26 00:00:00",34038,,1448,
"2021-10-27 00:00:00",33088,,1437,
"2021-10-28 00:00:00",33373,,1075,
"2021-10-29 00:00:00",38898,,962,
"2021-10-30 00:00:00",47493,,930,
"2021-10-31 00:00:00",46309,,843,
"2021-11-01 00:00:00",38904,,1612,
"2021-11-02 00:00:00",35516,,1295,
"2021-11-03 00:00:00",35857,,1785,
"2021-11-04 00:00:00",37567,,2207,
"2021-11-05 00:00:00",43234,,1099,
"2021-11-06 00:00:00",50700,,636,
"2021-11-07 00:00:00",51515,,737,
"2021-11-08 00:00:00",36866,,743,
"2021-11-09 00:00:00",36420,,1762,
"2021-11-10 00:00:00",35098,,1099,
"2021-11-11 00:00:00",38848,,2003,
"2021-11-12 00:00:00",43838,,1970,
"2021-11-13 00:00:00",54561,,969,
"2021-11-14 00:00:00",53151,,1396,
"2021-11-15 00:00:00",38761,,1176,
"2021-11-16 00:00:00",38000,,2287,
"2021-11-17 00:00:00",36323,,2630,
"2021-11-18 00:00:00",35528,,1527,
"2021-11-19 00:00:00",39090,,1136,
"2021-11-20 00:00:00",47755,,1126,
"2021-11-21 00:00:00",45121,,1746,
"2021-11-22 00:00:00",32875,,1061,
"2021-11-23 00:00:00",32022,,2107,
"2021-11-24 00:00:00",31757,,1653,
"2021-11-25 00:00:00",33991,,1182,
"2021-11-26 00:00:00",40129,,2139,
"2021-11-27 00:00:00",50001,,929,
"2021-11-28 00:00:00",48788,,6242,
"2021-11-29 00:00:00",36060,,2997,
"2021-11-30 00:00:00",36478,,1716,
"2021-12-01 00:00:00",35901,,1787,
"2021-12-02 00:00:00",35431,,5554,
"2021-12-03 00:00:00",39347,,3629,
"2021-12-04 00:00:00",49128,,20455,
"2021-12-05 00:00:00",47332,,31832,
"2021-12-06 00:00:00",34164,,1594,
"2021-12-07 00:00:00",33670,,5435,
"2021-12-08 00:00:00",33701,,4553,
"2021-12-09 00:00:00",35062,,1204,
"2021-12-10 00:00:00",40646,,2242,
"2021-12-11 00:00:00",50979,,1886,
"2021-12-12 00:00:00",49082,,1955,
"2021-12-13 00:00:00",37506,,1925,
"2021-12-14 00:00:00",36023,,2159,
"2021-12-15 00:00:00",34551,,1867,
"2021-12-16 00:00:00",34186,,3415,
"2021-12-17 00:00:00",37774,,5371,
"2021-12-18 00:00:00",47238,,2203,
"2021-12-19 00:00:00",45132,,2430,
"2021-12-20 00:00:00",36201,,2071,
"2021-12-21 00:00:00",36467,,5877,
"2021-12-22 00:00:00",36669,,1929,
"2021-12-23 00:00:00",39409,,1941,
"2021-12-24 00:00:00",43928,,4446,
"2021-12-25 00:00:00",47201,,2415,
"2021-12-26 00:00:00",50166,,10417,
"2021-12-27 00:00:00",49002,,1140,
"2021-12-28 00:00:00",49574,,2144,
"2021-12-29 00:00:00",49762,,1389,
"2021-12-30 00:00:00",50696,,1246,
"2021-12-31 00:00:00",52842,,697,
"2022-01-01 00:00:00",59065,,663,
"2022-01-02 00:00:00",60795,,1692,
"2022-01-03 00:00:00",48626,,1923,
"2022-01-04 00:00:00",46260,,3329,
"2022-01-05 00:00:00",45063,,1680,
"2022-01-06 00:00:00",45378,,1936,
"2022-01-07 00:00:00",48192,,2763,
"2022-01-08 00:00:00",57071,,3131,
"2022-01-09 00:00:00",55324,,3611,
"2022-01-10 00:00:00",39199,,1411,
"2022-01-11 00:00:00",39158,,1594,
"2022-01-12 00:00:00",38100,,5112,
"2022-01-13 00:00:00",39949,,2338,
"2022-01-14 00:00:00",45779,,2567,
"2022-01-15 00:00:00",58408,,1378,
"2022-01-16 00:00:00",60131,,2503,
"2022-01-17 00:00:00",49334,,2496,
"2022-01-18 00:00:00",44894,,2289,
"2022-01-19 00:00:00",45154,,906,
"2022-01-20 00:00:00",44984,,1998,
"2022-01-21 00:00:00",48792,,1895,
"2022-01-22 00:00:00",61348,,2312,
"2022-01-23 00:00:00",61893,,2335,
"2022-01-24 00:00:00",46599,,1552,
"2022-01-25 00:00:00",46073,,3251,
"2022-01-26 00:00:00",46884,,6708,
"2022-01-27 00:00:00",45598,,3201,
"2022-01-28 00:00:00",50650,,3066,
"2022-01-29 00:00:00",62495,,3239,
"2022-01-30 00:00:00",64587,,2071,
"2022-01-31 00:00:00",48419,,2018,
"2022-02-01 00:00:00",49778,,8694,
"2022-02-02 00:00:00",50639,,2578,
"2022-02-03 00:00:00",51908,,1651,
"2022-02-04 00:00:00",53119,,1713,
"2022-02-05 00:00:00",60732,,1709,
"2022-02-06 00:00:00",61321,,2844,
"2022-02-07 00:00:00",44387,,4398,
"2022-02-08 00:00:00",42980,,1627,
"2022-02-09 00:00:00",40976,,1625,
"2022-02-10 00:00:00",40219,,1279,
"2022-02-11 00:00:00",45061,,1455,
"2022-02-12 00:00:00",56691,,2709,
"2022-02-13 00:00:00",58427,,2384,
"2022-02-14 00:00:00",43683,,2762,
"2022-02-15 00:00:00",44460,,1190,
"2022-02-16 00:00:00",43404,,14059,
"2022-02-17 00:00:00",41751,,1580,
"2022-02-18 00:00:00",47019,,2228,
"2022-02-19 00:00:00",57713,,1768,
"2022-02-20 00:00:00",57268,,2778,
"2022-02-21 00:00:00",44447,,1935,
"2022-02-22 00:00:00",43593,,1546,
"2022-02-23 00:00:00",43802,,1413,
"2022-02-24 00:00:00",44140,,894,
"2022-02-25 00:00:00",49244,,1913,
"2022-02-26 00:00:00",58690,,1687,
"2022-02-27 00:00:00",56913,,2097,
"2022-02-28 00:00:00",42656,,1515,
"2022-03-01 00:00:00",41917,,1568,
"2022-03-02 00:00:00",40935,,1142,
"2022-03-03 00:00:00",40365,,1612,
"2022-03-04 00:00:00",46241,,1057,
"2022-03-05 00:00:00",57786,,1677,
"2022-03-06 00:00:00",56457,,2300,
"2022-03-07 00:00:00",40486,,6294,
"2022-03-08 00:00:00",40561,,1322,
"2022-03-09 00:00:00",38135,,1678,
"2022-03-10 00:00:00",38065,,1953,
"2022-03-11 00:00:00",44464,,3062,
"2022-03-12 00:00:00",56793,,2405,
"2022-03-13 00:00:00",55027,,4019,
"2022-03-14 00:00:00",39507,,3709,
"2022-03-15 00:00:00",39139,,4159,
"2022-03-16 00:00:00",39476,,4092,
"2022-03-17 00:00:00",39728,,3461,
"2022-03-18 00:00:00",46972,,2959,
"2022-03-19 00:00:00",60593,,3030,
"2022-03-20 00:00:00",61458,,21426,
"2022-03-21 00:00:00",46093,,3970,
"2022-03-22 00:00:00",45571,,6353,
"2022-03-23 00:00:00",45177,,19311,
"2022-03-24 00:00:00",45570,,19909,
"2022-03-25 00:00:00",51167,,13960,
"2022-03-26 00:00:00",64525,,3691,
"2022-03-27 00:00:00",64711,,2304,
"2022-03-28 00:00:00",48040,,2825,
"2022-03-29 00:00:00",47935,,2374,
"2022-03-30 00:00:00",48078,,1323,
"2022-03-31 00:00:00",48370,,4748,
"2022-04-01 00:00:00",51673,,2831,
"2022-04-02 00:00:00",64989,,2293,
"2022-04-03 00:00:00",66652,,2807,
"2022-04-04 00:00:00",49050,,1434,
"2022-04-05 00:00:00",44582,,2088,
"2022-04-06 00:00:00",42086,,23794,
"2022-04-07 00:00:00",41860,,1648,
"2022-04-08 00:00:00",47498,,1207,
"2022-04-09 00:00:00",58526,,2189,
"2022-04-10 00:00:00",57078,,1746,
"2022-04-11 00:00:00",41626,,1459,
"2022-04-12 00:00:00",40971,,1637,
"2022-04-13 00:00:00",40192,,3024,
"2022-04-14 00:00:00",41275,,23335,
"2022-04-15 00:00:00",50909,,18250,
"2022-04-16 00:00:00",54923,,1574,
"2022-04-17 00:00:00",52123,,2051,
"2022-04-18 00:00:00",48237,,22081,
"2022-04-19 00:00:00",41097,,22469,
"2022-04-20 00:00:00",40418,,1578,
"2022-04-21 00:00:00",40564,,2115,
"2022-04-22 00:00:00",45846,,3128,
"2022-04-23 00:00:00",52944,,1646,
"2022-04-24 00:00:00",54139,,2674,
"2022-04-25 00:00:00",40791,,1114,
"2022-04-26 00:00:00",39656,,1639,
"2022-04-27 00:00:00",39559,,2449,
"2022-04-28 00:00:00",39438,,1997,
"2022-04-29 00:00:00",46128,,727,
"2022-04-30 00:00:00",58490,,1556,
"2022-05-01 00:00:00",61790,,1465,
"2022-05-02 00:00:00",51382,,1500,
"2022-05-03 00:00:00",49582,,1324,
"2022-05-04 00:00:00",44154,,952,
"2022-05-05 00:00:00",45122,,1436,
"2022-05-06 00:00:00",47810,,1528,
"2022-05-07 00:00:00",60094,,1258,
"2022-05-08 00:00:00",59129,,1964,
"2022-05-09 00:00:00",46414,,2270,
"2022-05-10 00:00:00",45561,,2299,
"2022-05-11 00:00:00",44289,,1558,
"2022-05-12 00:00:00",44285,,1154,
"2022-05-13 00:00:00",48311,,2554,
"2022-05-14 00:00:00",56699,,1529,
"2022-05-15 00:00:00",56384,,2492,
"2022-05-16 00:00:00",44170,,2857,
"2022-05-17 00:00:00",43113,,1338,
"2022-05-18 00:00:00",42880,,627,
"2022-05-19 00:00:00",42461,,2156,
"2022-05-20 00:00:00",46652,,1046,
"2022-05-21 00:00:00",55088,,1053,
"2022-05-22 00:00:00",54227,,1417,
"2022-05-23 00:00:00",42175,,1373,
"2022-05-24 00:00:00",41098,,1495,
"2022-05-25 00:00:00",41249,,2050,
"2022-05-26 00:00:00",45914,,1573,
"2022-05-27 00:00:00",47532,,4178,
"2022-05-28 00:00:00",54622,,3372,
"2022-05-29 00:00:00",52715,,2515,
"2022-05-30 00:00:00",44640,,29869,
"2022-05-31 00:00:00",41956,,47480,
"2022-06-01 00:00:00",41414,,27326,
"2022-06-02 00:00:00",44068,,7537,
"2022-06-03 00:00:00",47529,,4994,
"2022-06-04 00:00:00",54505,,4746,
"2022-06-05 00:00:00",55709,,39218,
"2022-06-06 00:00:00",47304,,14306,
"2022-06-07 00:00:00",42292,,9125,
"2022-06-08 00:00:00",40684,,1797,
"2022-06-09 00:00:00",39133,,1234,
"2022-06-10 00:00:00",41697,,1933,
"2022-06-11 00:00:00",50464,,28902,
"2022-06-12 00:00:00",49874,,1004,
"2022-06-13 00:00:00",38526,,2139,
"2022-06-14 00:00:00",36862,,2775,
"2022-06-15 00:00:00",35416,,1431,
"2022-06-16 00:00:00",37687,,2199,
"2022-06-17 00:00:00",40164,,1486,
"2022-06-18 00:00:00",47508,,3731,
"2022-06-19 00:00:00",48185,,1584,
"2022-06-20 00:00:00",37474,,1825,
"2022-06-21 00:00:00",35947,,1103,
"2022-06-22 00:00:00",35256,,2029,
"2022-06-23 00:00:00",35128,,1367,
"2022-06-24 00:00:00",40244,,1507,
"2022-06-25 00:00:00",49730,,1591,
"2022-06-26 00:00:00",51825,,2255,
"2022-06-27 00:00:00",41587,,1249,
"2022-06-28 00:00:00",41363,,2905,
"2022-06-29 00:00:00",41504,,2063,
"2022-06-30 00:00:00",41043,,5279,
"2022-07-01 00:00:00",45093,,1114,
"2022-07-02 00:00:00",52388,,1599,
"2022-07-03 00:00:00",53002,,2201,
"2022-07-04 00:00:00",46540,,1764,
"2022-07-05 00:00:00",42778,,2908,
"2022-07-06 00:00:00",42170,,1348,
"2022-07-07 00:00:00",43075,,1670,
"2022-07-08 00:00:00",44786,,2929,
"2022-07-09 00:00:00",52392,,1438,
"2022-07-10 00:00:00",52562,,1453,
"2022-07-11 00:00:00",42083,,2206,
"2022-07-12 00:00:00",40630,,1228,
"2022-07-13 00:00:00",39197,,1008,
"2022-07-14 00:00:00",39956,,794,
"2022-07-15 00:00:00",41785,,1576,
"2022-07-16 00:00:00",49482,,1637,
"2022-07-17 00:00:00",50598,,1221,
"2022-07-18 00:00:00",40513,,2296,
"2022-07-19 00:00:00",39643,,1599,
"2022-07-20 00:00:00",38899,,1736,
"2022-07-21 00:00:00",38761,,3991,
"2022-07-22 00:00:00",41956,,1477,
"2022-07-23 00:00:00",49756,,3556,
"2022-07-24 00:00:00",50199,,1567,
"2022-07-25 00:00:00",40362,,2818,
"2022-07-26 00:00:00",40441,,1918,
"2022-07-27 00:00:00",40027,,1195,
"2022-07-28 00:00:00",39569,,1362,
"2022-07-29 00:00:00",42067,,1594,
"2022-07-30 00:00:00",48711,,1320,
"2022-07-31 00:00:00",49207,,935,
"2022-08-01 00:00:00",40751,,1082,
"2022-08-02 00:00:00",38968,,1156,
"2022-08-03 00:00:00",38887,,1235,
"2022-08-04 00:00:00",38389,,1341,
"2022-08-05 00:00:00",42833,,1407,
"2022-08-06 00:00:00",51298,,882,
"2022-08-07 00:00:00",53746,,1283,
"2022-08-08 00:00:00",44729,,6840,
"2022-08-09 00:00:00",45007,,936,
"2022-08-10 00:00:00",43733,,1614,
"2022-08-11 00:00:00",44223,,1212,
"2022-08-12 00:00:00",47355,,1354,
"2022-08-13 00:00:00",54088,,1166,
"2022-08-14 00:00:00",56934,,1316,
"2022-08-15 00:00:00",49876,,1510,
"2022-08-16 00:00:00",47842,,1439,
"2022-08-17 00:00:00",48975,,2626,
"2022-08-18 00:00:00",50116,,1729,
"2022-08-19 00:00:00",53480,,2121,
"2022-08-20 00:00:00",60326,,1080,
"2022-08-21 00:00:00",59984,,1185,
"2022-08-22 00:00:00",47243,,1173,
"2022-08-23 00:00:00",45855,,1250,
"2022-08-24 00:00:00",43248,,1372,
"2022-08-25 00:00:00",42602,,1498,
"2022-08-26 00:00:00",44846,,1250,
"2022-08-27 00:00:00",52151,,1312,
"2022-08-28 00:00:00",52778,,1873,
"2022-08-29 00:00:00",42829,,1337,
"2022-08-30 00:00:00",41282,,1694,
"2022-08-31 00:00:00",40374,,1343,
"2022-09-01 00:00:00",38935,,977,
"2022-09-02 00:00:00",44618,,1089,
"2022-09-03 00:00:00",54476,,894,
"2022-09-04 00:00:00",54868,,1060,
"2022-09-05 00:00:00",48773,,1729,
"2022-09-06 00:00:00",44422,,1395,
"2022-09-07 00:00:00",45399,,2219,
"2022-09-08 00:00:00",45461,,1660,
"2022-09-09 00:00:00",51257,,1262,
"2022-09-10 00:00:00",60402,,656,
"2022-09-11 00:00:00",62665,,1463,
"2022-09-12 00:00:00",46503,,1417,
"2022-09-13 00:00:00",45390,,1284,
"2022-09-14 00:00:00",44690,,1466,
"2022-09-15 00:00:00",43813,,5991,
"2022-09-16 00:00:00",50689,,1404,
"2022-09-17 00:00:00",63956,,1457,
"2022-09-18 00:00:00",64735,,2347,
"2022-09-19 00:00:00",51115,,1247,
"2022-09-20 00:00:00",47199,,1255,
"2022-09-21 00:00:00",46487,,1550,
"2022-09-22 00:00:00",45893,,1747,
"2022-09-23 00:00:00",52114,36598,2529,
"2022-09-24 00:00:00",64928,46569,1762,
"2022-09-25 00:00:00",62559,47130,1425,
"2022-09-26 00:00:00",47501,34694,1322,
"2022-09-27 00:00:00",46425,33281,1481,
"2022-09-28 00:00:00",45871,33058,1854,
"2022-09-29 00:00:00",46191,33087,1198,
"2022-09-30 00:00:00",52689,36687,2367,
"2022-10-01 00:00:00",61770,45778,1899,
"2022-10-02 00:00:00",62326,46801,2819,
"2022-10-03 00:00:00",48774,37701,546,
"2022-10-04 00:00:00",45323,34247,1277,
"2022-10-05 00:00:00",44392,33215,1208,
"2022-10-06 00:00:00",43266,32468,1667,
"2022-10-07 00:00:00",44255,33591,1703,
"2022-10-08 00:00:00",51885,37956,1326,
"2022-10-09 00:00:00",53334,39082,2337,
"2022-10-10 00:00:00",41417,31822,2155,
"2022-10-11 00:00:00",39042,29233,2295,
"2022-10-12 00:00:00",39633,29330,2804,
"2022-10-13 00:00:00",39470,29328,15729,
"2022-10-14 00:00:00",45482,32519,9861,
"2022-10-15 00:00:00",55731,40903,8924,
"2022-10-16 00:00:00",53564,41157,2613,
"2022-10-17 00:00:00",39701,30282,1264,
"2022-10-18 00:00:00",39864,29431,1136,
"2022-10-19 00:00:00",39213,29034,2106,
"2022-10-20 00:00:00",39244,28979,1653,
"2022-10-21 00:00:00",45293,31977,972,
"2022-10-22 00:00:00",53956,40133,1303,
"2022-10-23 00:00:00",52612,40289,889,
"2022-10-24 00:00:00",38829,29495,966,
"2022-10-25 00:00:00",37777,28424,1268,
"2022-10-26 00:00:00",36903,27916,2341,
"2022-10-27 00:00:00",37197,27734,1418,
"2022-10-28 00:00:00",42554,30530,996,
"2022-10-29 00:00:00",50069,37458,706,
"2022-10-30 00:00:00",47257,37935,731,
"2022-10-31 00:00:00",37832,29180,1138,
"2022-11-01 00:00:00",38810,29176,1799,
"2022-11-02 00:00:00",34636,26951,1774,
"2022-11-03 00:00:00",35130,27366,1107,
"2022-11-04 00:00:00",40761,30348,2009,
"2022-11-05 00:00:00",50238,37997,2661,
"2022-11-06 00:00:00",48204,38103,1587,
"2022-11-07 00:00:00",33907,28022,2512,
"2022-11-08 00:00:00",33879,27167,1082,
"2022-11-09 00:00:00",46920,31432,1970,
"2022-11-10 00:00:00",54067,37889,1405,
"2022-11-11 00:00:00",67118,46488,5653,
"2022-11-12 00:00:00",80020,58126,1500,
"2022-11-13 00:00:00",79688,59116,2084,
"2022-11-14 00:00:00",65234,45026,756,
"2022-11-15 00:00:00",64081,43798,14349,
"2022-11-16 00:00:00",64620,43986,1168,
"2022-11-17 00:00:00",63745,43803,2631,
"2022-11-18 00:00:00",71714,49158,1199,
"2022-11-19 00:00:00",85881,62188,1557,
"2022-11-20 00:00:00",82574,62676,2173,
"2022-11-21 00:00:00",64120,47785,4237,
"2022-11-22 00:00:00",72599,52100,3083,
"2022-11-23 00:00:00",68174,52449,3063,
"2022-11-24 00:00:00",68970,52671,5200,
"2022-11-25 00:00:00",78166,57209,6120,
"2022-11-26 00:00:00",90143,68190,3161,
"2022-11-27 00:00:00",86444,66801,2915,
"2022-11-28 00:00:00",66202,51404,2441,
"2022-11-29 00:00:00",66101,49043,1742,
"2022-11-30 00:00:00",63579,47484,2095,
"2022-12-01 00:00:00",60055,44863,1468,
"2022-12-02 00:00:00",66001,48085,2057,
"2022-12-03 00:00:00",77750,58788,2153,
"2022-12-04 00:00:00",73516,57670,4906,
"2022-12-05 00:00:00",55173,43862,24131,
"2022-12-06 00:00:00",71747,48812,1760,
"2022-12-07 00:00:00",51024,39471,1908,
"2022-12-08 00:00:00",49006,38250,1506,
"2022-12-09 00:00:00",52822,39948,1125,
"2022-12-10 00:00:00",63684,48594,1762,
"2022-12-11 00:00:00",61570,49702,7827,
"2022-12-12 00:00:00",45445,37964,2643,
"2022-12-13 00:00:00",45704,36919,1757,
"2022-12-14 00:00:00",44538,35909,2750,
"2022-12-15 00:00:00",44238,36355,4643,
"2022-12-16 00:00:00",52495,41783,2508,
"2022-12-17 00:00:00",63311,51096,2439,
"2022-12-18 00:00:00",62347,50658,7314,
"2022-12-19 00:00:00",48116,41514,2539,
"2022-12-20 00:00:00",49158,41321,4516,
"2022-12-21 00:00:00",49238,41624,2596,
"2022-12-22 00:00:00",50097,42861,1567,
"2022-12-23 00:00:00",57164,47824,1315,
"2022-12-24 00:00:00",61155,50179,692,
"2022-12-25 00:00:00",59137,49756,679,
"2022-12-26 00:00:00",62205,51890,1968,
"2022-12-27 00:00:00",62453,52641,967,